Country,Year,Population,Per_Capita_Expenditure,GDP,Consumer_Price_Index,Currency_Conversion
American Samoa,2010,0.06,,,,
Cambodia,2010,14.31,,,0.9289,
China,2010,"1,337.71","1,612.71","4,560.51",,
Fiji,2010,0.86,,"3,651.97",n/a,
Indonesia,2010,242.52,"1,750.31","3,113.48",0.9274,
Kiribati,2010,0.10,,"1,520.88",n/a,
"Korea, Dem. People's Rep.",2010,24.59,,,,
Lao PDR,2010,6.25,851.19,"1,141.13",n/a,
Malaysia,2010,28.11,"4,364.82","9,071.36",n/a,
Marshall Islands,2010,0.05,,,,
"Micronesia, Fed. Sts.",2010,0.10,,"2,861.77",n/a,
Mongolia,2010,2.71,"1,463.45","2,650.35",0.9224,
Myanmar,2010,50.16,557.94,987.74,n/a,
Northern Mariana Islands,2010,0.05,,,,
Palau,2010,0.02,,,,
Papua New Guinea,2010,7.11,,"2,004.82",n/a,
Philippines,2010,93.73,"1,523.67","2,129.50",n/a,
Samoa,2010,0.19,,"3,453.43",n/a,
Solomon Islands,2010,0.53,,"1,290.57",n/a,
Thailand,2010,67.21,"2,648.06","5,075.30",0.9633,
Timor-Leste,2010,1.11,567.33,"3,603.94",n/a,
Tonga,2010,0.10,"3,476.73","3,548.07",n/a,
Tuvalu,2010,0.01,,"3,021.89",0.9950,
Vanuatu,2010,0.24,"1,796.33","2,965.80",0.9891,
Vietnam,2010,88.47,872.21,"1,310.37",0.8085,
Albania,2010,2.91,"3,198.08","4,094.36",n/a,
Armenia,2010,2.88,"2,631.56","3,218.38",0.9289,
Azerbaijan,2010,9.05,"2,299.88","5,842.81",n/a,1.0000
Belarus,2010,9.49,"3,355.06","6,181.40",0.6526,
Bosnia and Herzegovina,2010,3.72,"3,911.29","4,614.83",n/a,
Bulgaria,2010,7.40,"4,366.34","6,843.27",0.9595,n/a
Croatia,2010,4.42,"7,958.08","13,546.20",0.9780,
Czech Republic,2010,10.47,"9,697.45","19,808.10",0.9812,
Estonia,2010,1.33,"7,648.09","14,638.60",0.9525,0.0639
Georgia,2010,3.93,"2,227.97","2,964.48",0.9213,
Hungary,2010,10.00,"6,877.00","13,092.20",0.9622,
Kazakhstan,2010,16.32,"4,116.23","9,070.49",0.9221,
Kosovo,2010,1.78,"2,830.14","3,283.51",0.9317,
Kyrgyz Republic,2010,5.45,744.47,880.04,0.8574,
Latvia,2010,2.10,"7,224.90","11,326.20",0.9581,
Lithuania,2010,3.10,"7,673.67","11,984.90",0.9603,3.4528
Moldova,2010,3.56,"1,527.68","1,631.54",0.9286,
Montenegro,2010,0.62,"5,467.55","6,682.28",0.9666,
North Macedonia,2010,2.07,"3,431.82","4,542.90",0.9624,
Poland,2010,38.04,"7,755.89","12,597.90",0.9593,
Romania,2010,20.25,"5,239.57","8,209.92",0.9453,1.0000
Russian Federation,2010,142.85,"5,496.33","10,675.00",0.9222,
Serbia,2010,7.29,"4,223.26","5,411.88",0.8998,
Slovak Republic,2010,5.39,"9,604.00","16,600.60",0.9623,
Slovenia,2010,2.05,"13,134.70","23,437.50",0.9823,0.0042
Tajikistan,2010,7.64,819.12,738.35,n/a,
Turkey,2010,72.33,"6,729.61","10,672.40",0.9392,
Turkmenistan,2010,5.09,223.95,"4,439.20",n/a,1.0000
Ukraine,2010,45.87,"1,868.52","2,965.14",0.9263,
Uzbekistan,2010,28.56,766.59,"1,377.08",n/a,
Argentina,2010,41.22,"6,600.86","10,276.30",0.8601,1.0000
Barbados,2010,0.28,,,,
Belize,2010,0.32,"3,049.62","4,342.96",n/a,
Bolivia,2010,9.92,"1,234.24","1,981.17",n/a,
Brazil,2010,196.80,"6,759.50","11,224.20",n/a,1.0000
Chile,2010,16.99,"7,500.67","12,860.20",n/a,
Colombia,2010,45.92,"4,155.33","6,230.74",0.9699,
Costa Rica,2010,4.55,"5,362.31","8,199.42",0.9553,
Cuba,2010,11.33,,,,
Dominica,2010,0.07,,,,
Dominican Republic,2010,9.90,"4,054.52","5,453.93",0.9293,
Ecuador,2010,14.93,"2,946.97","4,657.30",0.9648,1.0000
El Salvador,2010,6.16,"2,611.32","2,992.55",0.9620,1.0000
Grenada,2010,0.10,,,,
Guatemala,2010,14.63,"2,432.49","2,825.52",n/a,
Guyana,2010,0.75,"2,662.19","3,044.95",n/a,
Haiti,2010,10.00,,662.28,n/a,
Honduras,2010,8.19,"1,509.91","1,932.86",0.9272,
Jamaica,2010,2.82,"3,838.58","4,685.59",n/a,
Mexico,2010,117.32,"5,892.20","9,016.46",0.9634,1.0000
Nicaragua,2010,5.74,"1,228.72","1,526.50",n/a,
Panama,2010,3.64,"4,635.54","8,080.84",0.9488,
Paraguay,2010,6.21,"2,826.74","4,382.69",0.9428,
Peru,2010,29.37,"3,100.59","5,022.49",0.9674,1.0000
St. Kitts and Nevis,2010,0.05,,,,
St. Lucia,2010,0.17,"5,100.18","8,008.20",n/a,
St. Vincent and the Grenadines,2010,0.11,,,,
Suriname,2010,0.53,"2,982.63","8,303.31",n/a,1.0000
Trinidad and Tobago,2010,1.33,,"16,683.40",n/a,
Uruguay,2010,3.37,"7,993.77","11,938.20",0.8891,
"Venezuela, RB",2010,29.03,"7,571.11","13,545.30",n/a,
Algeria,2010,36.12,"1,531.86","4,463.39",n/a,
Djibouti,2010,0.85,,"1,325.99",n/a,
"Egypt, Arab Rep.",2010,84.11,"1,940.75","2,602.48",0.9534,
"Iran, Islamic Rep.",2010,74.57,"2,803.63","6,531.93",n/a,
Iraq,2010,30.76,"2,001.16","4,502.75",n/a,
Jordan,2010,7.18,"2,804.32","3,679.19",0.9696,
Lebanon,2010,4.34,"7,756.03","8,858.28",n/a,
Libya,2010,6.17,,,,
Morocco,2010,32.41,"1,676.40","2,834.20",n/a,
Oman,2010,3.04,,,,
Syrian Arab Republic,2010,21.02,,"1,884.60",n/a,
Tunisia,2010,10.64,"2,589.28","4,140.15",0.9798,
West Bank and Gaza,2010,3.81,"2,192.20","2,338.72",0.9720,
"Yemen, Rep.",2010,23.61,,"1,309.23",n/a,
Andorra,2010,0.08,,,,
Antigua and Barbuda,2010,0.09,,,,
Aruba,2010,0.10,,,,
Australia,2010,22.03,"29,225.70","51,936.90",0.9680,
Austria,2010,8.36,"25,069.90","46,858.00",0.9682,1.0000
"Bahamas, The",2010,0.36,,,,
Bahrain,2010,1.24,,,,
Belgium,2010,10.90,"23,058.30","44,380.20",0.9659,1.0000
Bermuda,2010,0.07,,,,
British Virgin Islands,2010,0.03,,,,
Brunei Darussalam,2010,0.39,,,,
Canada,2010,34.01,"27,014.70","47,447.50",0.9717,
Cayman Islands,2010,0.06,,,,
Channel Islands,2010,0.16,,,,
Curacao,2010,0.15,,,,
Cyprus,2010,1.11,"20,030.00","30,818.50",0.9682,1.0000
Denmark,2010,5.55,"27,634.80","58,041.40",0.9732,
Faroe Islands,2010,0.05,,,,
Finland,2010,5.36,"24,583.60","46,202.40",0.9670,1.0000
France,2010,65.03,"22,495.60","40,638.30",0.9793,1.0000
French Polynesia,2010,0.27,,,,
Germany,2010,81.78,"23,423.20","41,785.60",0.9797,1.0000
Gibraltar,2010,0.03,,,,
Greece,2010,11.12,"18,673.50","26,917.80",0.9678,1.0000
Greenland,2010,0.06,,,,
Guam,2010,0.16,,,,
"Hong Kong SAR, China",2010,7.02,,,,
Iceland,2010,0.32,"21,561.70","41,851.70",0.9615,
Ireland,2010,4.56,"23,173.20","48,671.90",0.9751,1.0000
Isle of Man,2010,0.08,,,,
Israel,2010,7.62,"17,392.30","30,642.90",0.9666,1.0000
Italy,2010,59.28,"21,872.10","35,849.40",0.9729,1.0000
Japan,2010,128.07,"25,703.40","44,507.70",n/a,
"Korea, Rep.",2010,49.55,"11,114.30","22,087.00",0.9613,
Kuwait,2010,3.00,,,,
Liechtenstein,2010,0.04,,,,
Luxembourg,2010,0.51,"33,793.00","104,965.00",0.9670,1.0000
"Macao SAR, China",2010,0.54,,,,
Malta,2010,0.41,"12,190.00","21,087.80",0.9712,1.0000
Monaco,2010,0.04,,,,
Nauru,2010,0.01,,,,
Netherlands,2010,16.62,"22,519.10","50,338.30",0.9771,1.0000
Netherlands Antilles,2010,0.20,,,,
New Caledonia,2010,0.25,,,,
New Zealand,2010,4.35,,,,
Norway,2010,4.89,"36,788.60","87,770.30",0.9873,
Portugal,2010,10.57,"14,822.30","22,538.70",0.9648,1.0000
Puerto Rico,2010,3.72,,,,
Qatar,2010,1.78,,,,
San Marino,2010,0.03,,,,
Saudi Arabia,2010,27.43,,,,
Singapore,2010,5.08,,,,
Sint Maarten (Dutch part),2010,0.03,,,,
Spain,2010,46.58,"17,594.40","30,736.60",0.9690,1.0000
St. Martin (French part),2010,0.03,,,,
Sweden,2010,9.38,"24,183.50","52,076.30",0.9712,
Switzerland,2010,7.82,"40,179.20","74,605.70",0.9977,
"Taiwan, China",2010,23.14,,,,
Turks and Caicos Islands,2010,0.03,,,,
United Arab Emirates,2010,8.27,,,,
United Kingdom,2010,62.77,"25,501.30","38,893.00",0.9629,
United States,2010,309.34,"32,980.70","48,375.40",0.9694,
Virgin Islands (U.S.),2010,0.11,,,,
Afghanistan,2010,28.80,,,,
Bangladesh,2010,152.15,561.55,757.67,0.9201,
Bhutan,2010,0.73,"1,015.21","2,178.92",n/a,
India,2010,"1,230.98",742.47,"1,345.77",,
Maldives,2010,0.36,,"7,100.41",n/a,
Nepal,2010,27.02,465.20,592.18,0.9296,
Pakistan,2010,170.56,829.16,"1,040.14",0.9468,
Sri Lanka,2010,20.20,"1,922.40","2,808.43",n/a,
Angola,2010,23.37,"1,283.67","3,585.91",n/a,
Benin,2010,9.20,556.41,757.70,n/a,
Botswana,2010,2.01,"3,118.90","6,346.16",n/a,
Burkina Faso,2010,15.61,361.62,575.45,n/a,
Burundi,2010,8.77,187.85,231.80,n/a,
Cabo Verde,2010,0.50,"2,087.80","3,312.83",n/a,
Cameroon,2010,19.97,918.80,"1,309.12",n/a,
Central African Republic,2010,4.45,411.65,446.44,n/a,
Chad,2010,11.89,587.12,896.57,n/a,
Comoros,2010,0.69,"1,196.30","1,315.21",n/a,
"Congo, Dem. Rep.",2010,64.52,234.18,334.23,n/a,
"Congo, Rep.",2010,4.39,"1,057.02","2,737.34",n/a,
Cote d'Ivoire,2010,20.40,818.20,"1,219.75",,
Equatorial Guinea,2010,0.95,,,,
Eritrea,2010,4.39,,,,
Eswatini,2010,1.20,"2,999.38","3,690.24",,
Ethiopia,2010,87.70,,341.31,0.8752,
Gabon,2010,1.64,"2,682.49","8,754.11",n/a,
"Gambia, The",2010,1.69,495.25,562.48,0.9579,
Ghana,2010,24.51,"1,228.78","1,312.61",n/a,1.0000
Guinea,2010,10.79,507.75,634.92,n/a,
Guinea-Bissau,2010,1.56,547.52,545.70,0.9520,
Kenya,2010,41.35,746.36,967.35,n/a,
Lesotho,2010,2.04,"1,080.94","1,157.34",0.9524,
Liberia,2010,3.95,457.78,327.42,n/a,1.0000
Madagascar,2010,21.15,357.68,412.73,0.9134,
Malawi,2010,15.17,344.24,458.87,0.9558,
Mali,2010,15.08,514.26,708.37,n/a,
Mauritania,2010,3.61,617.20,"1,201.76",n/a,
Mauritius,2010,1.25,"5,855.53","8,000.38",n/a,
Mayotte,2010,0.21,,,,
Mozambique,2010,24.22,326.23,419.23,n/a,
Namibia,2010,2.17,"3,282.14","5,191.58",n/a,
Niger,2010,16.43,251.33,348.16,n/a,
Nigeria,2010,158.58,"1,538.85","2,291.36",n/a,
Rwanda,2010,10.25,454.86,563.40,0.9424,
Sao Tome and Principe,2010,0.17,,"1,129.76",,
Senegal,2010,12.92,984.19,"1,255.40",n/a,
Seychelles,2010,0.09,"5,432.34","10,804.70",n/a,
Sierra Leone,2010,6.46,304.17,399.15,n/a,
Somalia,2010,12.05,,,,
South Africa,2010,51.58,"4,294.41","7,276.38",0.9992,
South Sudan,2010,10.07,647.61,"1,562.24",n/a,
Sudan,2010,34.39,985.10,"1,476.48",n/a,
Tanzania,2010,46.10,458.25,701.61,n/a,
Togo,2010,6.50,438.09,526.84,n/a,
Uganda,2010,33.92,454.12,595.21,n/a,
Zambia,2010,13.85,798.79,"1,463.21",0.0009,1.0000
Zimbabwe,2010,14.09,767.34,854.85,n/a,
American Samoa,2011,0.06,,,,
Cambodia,2011,14.54,,,1.0000,
China,2011,"1,344.13","1,791.66","4,971.54",,
Fiji,2011,0.87,,"3,719.89",n/a,
Indonesia,2011,245.71,"1,815.05","3,262.75",0.9890,
Kiribati,2011,0.10,,"1,515.54",n/a,
"Korea, Dem. People's Rep.",2011,24.72,,,,
Lao PDR,2011,6.33,866.35,"1,215.88",n/a,
Malaysia,2011,28.64,"4,579.27","9,377.19",1.0000,
Marshall Islands,2011,0.05,,,,
"Micronesia, Fed. Sts.",2011,0.10,,"2,961.79",n/a,
Mongolia,2011,2.76,"1,665.07","3,053.61",1.0000,
Myanmar,2011,50.55,n/a,"1,034.77",n/a,
Northern Mariana Islands,2011,0.05,,,,
Palau,2011,0.02,,,,
Papua New Guinea,2011,7.27,,"1,982.09",n/a,
Philippines,2011,95.28,"1,582.65","2,171.49",n/a,
Samoa,2011,0.19,,"3,624.57",n/a,
Solomon Islands,2011,0.54,,"1,428.86",n/a,
Thailand,2011,67.53,"2,683.80","5,093.58",1.0000,
Timor-Leste,2011,1.13,557.77,"3,952.33",n/a,
Tonga,2011,0.10,n/a,"3,631.54",n/a,
Tuvalu,2011,0.01,,"3,219.36",n/a,
Vanuatu,2011,0.24,"1,807.55","2,932.87",n/a,
Vietnam,2011,89.44,898.15,"1,377.13",n/a,
Albania,2011,2.91,"3,361.79","4,210.08",n/a,
Armenia,2011,2.88,"2,696.34","3,371.67",1.0000,
Azerbaijan,2011,9.17,"2,812.78","5,770.97",n/a,1.0000
Belarus,2011,9.47,"3,437.38","6,525.85",1.0000,
Bosnia and Herzegovina,2011,3.69,"3,939.10","4,701.04",1.0000,
Bulgaria,2011,7.35,"4,480.50","7,019.17",1.0000,n/a
Croatia,2011,4.28,"8,239.77","13,932.70",1.0000,
Czech Republic,2011,10.50,"9,701.90","20,118.60",1.0000,
Estonia,2011,1.33,"7,954.74","15,798.60",1.0000,0.0639
Georgia,2011,3.88,"2,407.65","3,220.39",1.0000,
Hungary,2011,9.97,"6,945.55","13,347.60",1.0000,
Kazakhstan,2011,16.56,"4,540.60","9,603.25",1.0000,
Kosovo,2011,1.79,"2,770.47","3,412.09",1.0000,
Kyrgyz Republic,2011,5.51,731.61,921.18,1.0000,
Latvia,2011,2.06,"7,575.58","12,270.30",1.0000,
Lithuania,2011,3.03,"8,209.90","12,999.40",1.0000,3.4528
Moldova,2011,3.56,"1,672.25","1,743.49",1.0000,
Montenegro,2011,0.62,"5,487.40","6,888.87",1.0000,
North Macedonia,2011,2.07,"3,245.31","4,645.51",1.0000,
Poland,2011,38.06,"7,995.81","13,222.80",1.0000,
Romania,2011,20.15,"5,339.18","8,416.00",1.0000,1.0000
Russian Federation,2011,142.96,"5,855.45","11,230.40",1.0000,
Serbia,2011,7.23,"4,297.02","5,531.22",n/a,
Slovak Republic,2011,5.40,"9,536.87","17,046.60",1.0000,
Slovenia,2011,2.05,"13,104.40","23,540.70",1.0000,0.0042
Tajikistan,2011,7.82,836.44,775.30,n/a,
Turkey,2011,73.41,"7,442.61","11,683.60",1.0000,
Turkmenistan,2011,5.17,n/a,"5,006.30",n/a,1.0000
Ukraine,2011,45.71,"2,170.23","3,138.47",1.0000,
Uzbekistan,2011,29.34,n/a,"1,451.88",n/a,
Argentina,2011,41.66,"7,144.24","10,780.00",1.0465,1.0000
Barbados,2011,0.28,,,,
Belize,2011,0.33,"3,124.29","4,334.67",n/a,
Bolivia,2011,10.08,"1,277.83","2,051.16",1.0143,
Brazil,2011,198.69,"7,017.79","11,560.40",1.0101,1.0000
Chile,2011,17.15,"8,040.03","13,518.80",1.0150,
Colombia,2011,46.41,"4,382.51","6,619.05",1.0083,
Costa Rica,2011,4.60,"5,628.09","8,449.96",1.0050,
Cuba,2011,11.35,,,,
Dominica,2011,0.07,,,,
Dominican Republic,2011,10.03,"4,175.65","5,552.40",1.0182,
Ecuador,2011,15.18,"3,048.57","4,943.42",1.0182,1.0000
El Salvador,2011,6.19,"2,638.53","3,092.60",1.0113,1.0000
Grenada,2011,0.11,,,,
Guatemala,2011,14.95,"2,467.32","2,880.41",1.0095,
Guyana,2011,0.75,n/a,"3,192.29",n/a,
Haiti,2011,10.15,,688.84,n/a,
Honduras,2011,8.35,"1,534.90","1,969.31",0.9987,
Jamaica,2011,2.83,"3,968.08","4,745.76",n/a,
Mexico,2011,119.09,"5,999.63","9,207.73",n/a,1.0000
Nicaragua,2011,5.81,"1,245.68","1,603.33",n/a,
Panama,2011,3.71,"4,811.63","8,838.45",1.0001,
Paraguay,2011,6.29,"2,924.96","4,508.00",1.0009,
Peru,2011,29.76,"3,280.73","5,270.95",1.0000,1.0000
St. Kitts and Nevis,2011,0.05,,,,
St. Lucia,2011,0.17,n/a,"8,230.08",n/a,
St. Vincent and the Grenadines,2011,0.11,,,,
Suriname,2011,0.53,n/a,"8,698.48",n/a,1.0000
Trinidad and Tobago,2011,1.33,,"16,551.00",n/a,
Uruguay,2011,3.39,"8,537.42","12,512.90",0.9507,
"Venezuela, RB",2011,29.46,"7,759.41","13,902.50",n/a,
Algeria,2011,36.82,"1,598.74","4,504.92",1.0151,
Djibouti,2011,0.87,,"1,361.57",n/a,
"Egypt, Arab Rep.",2011,85.90,"2,005.45","2,593.21",n/a,
"Iran, Islamic Rep.",2011,75.49,"2,891.00","6,622.67",n/a,
Iraq,2011,31.73,n/a,"4,695.36",n/a,
Jordan,2011,7.57,"2,748.30","3,578.77",n/a,
Lebanon,2011,4.59,"7,241.13","8,450.11",1.0313,
Libya,2011,6.19,,,,
Morocco,2011,32.86,"1,744.43","2,942.04",n/a,
Oman,2011,3.24,,,,
Syrian Arab Republic,2011,20.86,,"1,773.41",n/a,
Tunisia,2011,10.76,"2,802.84","4,014.92",n/a,
West Bank and Gaza,2011,3.93,"2,254.45","2,441.62",1.0000,
"Yemen, Rep.",2011,24.25,,"1,112.35",n/a,
Andorra,2011,0.08,,,,
Antigua and Barbuda,2011,0.10,,,,
Aruba,2011,0.10,,,,
Australia,2011,22.34,"29,971.00","52,475.70",n/a,
Austria,2011,8.39,"25,321.70","48,065.30",1.0000,1.0000
"Bahamas, The",2011,0.37,,,,
Bahrain,2011,1.28,,,,
Belgium,2011,11.05,"22,819.00","44,556.00",1.0000,1.0000
Bermuda,2011,0.06,,,,
British Virgin Islands,2011,0.03,,,,
Brunei Darussalam,2011,0.39,,,,
Canada,2011,34.34,"27,362.10","48,457.00",n/a,
Cayman Islands,2011,0.06,,,,
Channel Islands,2011,0.16,,,,
Curacao,2011,0.15,,,,
Cyprus,2011,1.12,"19,396.40","30,138.60",1.0000,1.0000
Denmark,2011,5.57,"27,597.20","58,575.60",1.0000,
Faroe Islands,2011,0.05,,,,
Finland,2011,5.39,"25,186.90","47,171.00",1.0000,1.0000
France,2011,65.34,"22,493.40","41,283.10",1.0000,1.0000
French Polynesia,2011,0.27,,,,
Germany,2011,80.28,"24,183.60","44,125.30",1.0000,1.0000
Gibraltar,2011,0.03,,,,
Greece,2011,11.10,"16,878.20","24,495.70",1.0000,1.0000
Greenland,2011,0.06,,,,
Guam,2011,0.16,,,,
"Hong Kong SAR, China",2011,7.07,,,,
Iceland,2011,0.32,"22,053.00","42,543.10",1.0000,
Ireland,2011,4.58,"22,707.30","49,906.60",1.0000,1.0000
Isle of Man,2011,0.08,,,,
Israel,2011,7.77,"17,745.60","31,483.00",n/a,1.0000
Italy,2011,59.38,"21,831.90","35,994.10",1.0000,1.0000
Japan,2011,127.83,"25,651.50","44,538.70",n/a,
"Korea, Rep.",2011,49.94,"11,349.10","22,724.70",n/a,
Kuwait,2011,3.19,,,,
Liechtenstein,2011,0.04,,,,
Luxembourg,2011,0.52,"33,543.40","105,265.00",1.0000,1.0000
"Macao SAR, China",2011,0.55,,,,
Malta,2011,0.42,"12,494.50","21,276.40",1.0000,1.0000
Monaco,2011,0.04,,,,
Nauru,2011,0.01,,,,
Netherlands,2011,16.69,"22,450.50","50,937.60",1.0000,1.0000
Netherlands Antilles,2011,0.20,,,,
New Caledonia,2011,0.25,,,,
New Zealand,2011,4.38,,,,
Norway,2011,4.95,"37,167.50","87,481.10",1.0000,
Portugal,2011,10.56,"14,309.10","22,159.50",1.0000,1.0000
Puerto Rico,2011,3.68,,,,
Qatar,2011,1.95,,,,
San Marino,2011,0.03,,,,
Saudi Arabia,2011,28.24,,,,
Singapore,2011,5.18,,,,
Sint Maarten (Dutch part),2011,0.03,,,,
Spain,2011,46.74,"17,119.30","30,321.70",1.0000,1.0000
St. Martin (French part),2011,0.03,,,,
Sweden,2011,9.45,"24,449.60","53,061.60",1.0000,
Switzerland,2011,7.91,"40,030.90","75,029.80",1.0000,
"Taiwan, China",2011,23.18,,,,
Turks and Caicos Islands,2011,0.03,,,,
United Arab Emirates,2011,8.67,,,,
United Kingdom,2011,63.26,"25,121.40","39,150.80",1.0000,
United States,2011,311.64,"33,477.50","48,786.50",n/a,
Virgin Islands (U.S.),2011,0.11,,,,
Afghanistan,2011,29.71,,,,
Bangladesh,2011,153.91,591.15,797.41,n/a,
Bhutan,2011,0.74,"1,056.00","2,310.00",n/a,
India,2011,"1,247.24",800.79,"1,416.40",,
Maldives,2011,0.38,,"7,490.45",n/a,
Nepal,2011,27.33,462.65,605.63,n/a,
Pakistan,2011,174.18,849.14,"1,046.49",1.0484,
Sri Lanka,2011,20.32,"2,100.44","3,026.99",n/a,
Angola,2011,24.22,"1,365.59","3,580.27",n/a,
Benin,2011,9.46,553.73,758.58,1.0223,
Botswana,2011,2.05,"3,304.74","6,610.33",n/a,
Burkina Faso,2011,16.08,363.57,595.39,n/a,
Burundi,2011,9.04,196.41,233.77,n/a,
Cabo Verde,2011,0.51,"2,109.10","3,405.78",n/a,
Cameroon,2011,20.52,920.98,"1,326.65",n/a,
Central African Republic,2011,4.48,419.34,458.33,n/a,
Chad,2011,12.29,587.38,868.00,1.0000,
Comoros,2011,0.71,"1,221.44","1,336.43",n/a,
"Congo, Dem. Rep.",2011,66.71,212.54,345.48,n/a,
"Congo, Rep.",2011,4.51,942.00,"2,751.91",1.0000,
Cote d'Ivoire,2011,20.90,765.06,"1,138.66",,
Equatorial Guinea,2011,0.99,,,,
Eritrea,2011,4.47,,,,
Eswatini,2011,1.23,"2,918.70","3,704.14",,
Ethiopia,2011,90.05,,369.58,n/a,
Gabon,2011,1.70,"2,779.64","9,060.66",n/a,
"Gambia, The",2011,1.75,n/a,521.61,n/a,
Ghana,2011,25.12,"1,270.06","1,460.66",n/a,1.0000
Guinea,2011,11.04,516.58,655.91,n/a,
Guinea-Bissau,2011,1.60,519.40,574.94,n/a,
Kenya,2011,42.49,772.00,998.98,n/a,
Lesotho,2011,2.06,"1,138.62","1,223.06",n/a,
Liberia,2011,4.07,440.62,343.65,n/a,1.0000
Madagascar,2011,21.74,353.53,407.33,n/a,
Malawi,2011,15.63,378.48,466.96,n/a,
Mali,2011,15.54,509.82,709.40,n/a,
Mauritania,2011,3.72,617.10,"1,221.69",n/a,
Mauritius,2011,1.25,"5,992.59","8,313.26",n/a,
Mayotte,2011,0.21,,,,
Mozambique,2011,24.94,332.52,436.14,n/a,
Namibia,2011,2.22,"3,504.97","5,351.37",n/a,
Niger,2011,17.06,254.80,342.77,1.0000,
Nigeria,2011,162.88,"1,452.44","2,349.30",n/a,
Rwanda,2011,10.52,481.32,591.71,n/a,
Sao Tome and Principe,2011,0.18,,"1,152.90",,
Senegal,2011,13.30,965.78,"1,236.87",1.0041,
Seychelles,2011,0.09,n/a,"11,967.40",n/a,
Sierra Leone,2011,6.61,396.74,414.54,1.0000,
Somalia,2011,12.40,,,,
South Africa,2011,52.26,"4,456.61","7,417.73",1.0000,
South Sudan,2011,10.45,593.66,"1,435.33",n/a,
Sudan,2011,35.17,"1,049.12","1,592.96",n/a,
Tanzania,2011,47.57,479.72,733.67,1.1232,
Togo,2011,6.68,433.07,545.75,1.0000,
Uganda,2011,35.09,465.44,629.24,n/a,
Zambia,2011,14.26,n/a,"1,499.73",n/a,1.0000
Zimbabwe,2011,14.39,768.94,955.81,1.0000,
American Samoa,2012,0.06,,,,
Cambodia,2012,14.78,,,1.0143,
China,2012,"1,350.70","2,044.55","5,336.06",,
Fiji,2012,0.87,,"3,744.28",n/a,
Indonesia,2012,248.88,"1,890.74","3,415.35",1.0283,
Kiribati,2012,0.11,,"1,557.84",n/a,
"Korea, Dem. People's Rep.",2012,24.85,,,,
Lao PDR,2012,6.42,982.75,"1,296.75",1.0606,
Malaysia,2012,29.17,"4,870.37","9,708.94",n/a,
Marshall Islands,2012,0.05,,,,
"Micronesia, Fed. Sts.",2012,0.10,,"2,901.88",n/a,
Mongolia,2012,2.81,"1,846.32","3,365.57",1.1432,
Myanmar,2012,50.99,n/a,"1,101.21",n/a,
Northern Mariana Islands,2012,0.05,,,,
Palau,2012,0.02,,,,
Papua New Guinea,2012,7.43,,"2,029.15",n/a,
Philippines,2012,96.87,"1,659.86","2,278.64",1.0303,
Samoa,2012,0.19,,"3,609.74",n/a,
Solomon Islands,2012,0.55,,"1,461.67",n/a,
Thailand,2012,67.84,"2,850.84","5,437.23",1.0301,
Timor-Leste,2012,1.16,566.22,"4,057.97",n/a,
Tonga,2012,0.10,n/a,"3,650.82",n/a,
Tuvalu,2012,0.01,,"3,067.88",n/a,
Vanuatu,2012,0.25,"1,820.26","2,916.64",n/a,
Vietnam,2012,90.45,931.40,"1,433.13",1.0634,
Albania,2012,2.90,"3,484.44","4,276.92",1.0204,
Armenia,2012,2.88,"2,934.74","3,606.48",1.0256,
Azerbaijan,2012,9.30,"2,836.72","5,820.08",n/a,1.0000
Belarus,2012,9.46,"3,808.00","6,642.04",1.5922,
Bosnia and Herzegovina,2012,3.65,"3,957.56","4,714.38",n/a,
Bulgaria,2012,7.31,"4,641.22","7,062.13",1.0296,n/a
Croatia,2012,4.27,"8,014.35","13,653.80",1.0342,
Czech Republic,2012,10.51,"9,570.85","19,929.80",1.0329,
Estonia,2012,1.32,"8,328.43","16,538.20",1.0393,0.0639
Georgia,2012,3.83,"2,547.91","3,469.67",0.9906,
Hungary,2012,9.92,"6,823.58","13,196.20",1.0565,
Kazakhstan,2012,16.79,"4,936.83","9,923.42",1.0520,
Kosovo,2012,1.81,"2,961.68","3,483.27",1.0248,
Kyrgyz Republic,2012,5.61,634.57,905.17,1.0277,
Latvia,2012,2.03,"7,911.51","12,924.70",1.0226,
Lithuania,2012,2.99,"8,578.24","13,679.10",1.0309,3.4528
Moldova,2012,3.56,"1,689.19","1,731.51",1.0455,
Montenegro,2012,0.62,"5,268.96","6,697.24",1.0415,
North Macedonia,2012,2.07,"3,281.61","4,620.65",1.0332,
Poland,2012,38.06,"8,055.67","13,435.50",1.0356,
Romania,2012,20.06,"5,469.34","8,629.14",1.0334,1.0000
Russian Federation,2012,143.20,"6,306.36","11,621.40",1.0508,
Serbia,2012,7.20,"4,231.62","5,501.70",1.0733,
Slovak Republic,2012,5.41,"9,482.29","17,299.60",1.0361,
Slovenia,2012,2.06,"12,757.40","22,864.20",1.0260,0.0042
Tajikistan,2012,8.00,852.49,814.68,1.0583,
Turkey,2012,74.57,"7,558.19","12,052.70",1.0889,
Turkmenistan,2012,5.27,n/a,"5,462.98",n/a,1.0000
Ukraine,2012,45.59,"2,358.31","3,153.74",1.0057,
Uzbekistan,2012,29.77,n/a,"1,547.98",n/a,
Argentina,2012,42.10,"7,148.09","10,557.90",1.3117,1.0000
Barbados,2012,0.28,,,,
Belize,2012,0.34,"3,111.09","4,362.50",n/a,
Bolivia,2012,10.24,"1,315.71","2,122.39",1.0582,
Brazil,2012,200.56,"7,195.50","11,673.80",1.0635,1.0000
Chile,2012,17.31,"8,449.47","14,109.10",n/a,
Colombia,2012,46.88,"4,567.78","6,807.74",1.0363,
Costa Rica,2012,4.65,"5,904.85","8,753.23",1.0446,
Cuba,2012,11.38,,,,
Dominica,2012,0.07,,,,
Dominican Republic,2012,10.15,"4,201.40","5,631.47",1.0448,
Ecuador,2012,15.42,"3,086.88","5,140.26",1.0668,1.0000
El Salvador,2012,6.22,"2,713.82","3,164.97",1.0179,1.0000
Grenada,2012,0.11,,,,
Guatemala,2012,15.27,"2,491.15","2,903.39",n/a,
Guyana,2012,0.75,n/a,"3,342.92",n/a,
Haiti,2012,10.29,,698.79,1.0889,
Honduras,2012,8.51,"1,571.52","2,013.48",1.0502,
Jamaica,2012,2.84,"3,913.13","4,697.49",n/a,
Mexico,2012,120.83,"6,051.64","9,405.81",1.0419,1.0000
Nicaragua,2012,5.88,"1,281.17","1,687.36",n/a,
Panama,2012,3.77,"4,910.22","9,535.19",1.0602,
Paraguay,2012,6.38,"2,977.79","4,423.68",1.0344,
Peru,2012,30.16,"3,478.04","5,520.56",1.0365,1.0000
St. Kitts and Nevis,2012,0.05,,,,
St. Lucia,2012,0.17,n/a,"8,131.37",n/a,
St. Vincent and the Grenadines,2012,0.11,,,,
Suriname,2012,0.54,n/a,"8,841.23",n/a,1.0000
Trinidad and Tobago,2012,1.34,,"16,680.20",n/a,
Uruguay,2012,3.40,"8,928.86","12,913.10",1.0325,
"Venezuela, RB",2012,29.89,"8,185.02","14,473.50",n/a,
Algeria,2012,37.57,"1,639.81","4,564.44",n/a,
Djibouti,2012,0.88,,"1,402.80",1.0373,
"Egypt, Arab Rep.",2012,87.81,"2,088.84","2,593.11",1.1206,
"Iran, Islamic Rep.",2012,76.45,"2,791.93","6,052.52",n/a,
Iraq,2012,32.78,n/a,"5,178.42",1.0606,
Jordan,2012,7.99,"2,742.45","3,481.69",n/a,
Lebanon,2012,4.92,"7,118.09","8,107.08",n/a,
Libya,2012,6.20,,,,
Morocco,2012,33.33,"1,790.97","2,987.32",n/a,
Oman,2012,3.46,,,,
Syrian Arab Republic,2012,20.42,,"1,395.67",n/a,
Tunisia,2012,10.89,"2,985.38","4,127.40",n/a,
West Bank and Gaza,2012,4.05,"2,632.08","2,713.72",n/a,
"Yemen, Rep.",2012,24.91,,"1,108.90",n/a,
Andorra,2012,0.08,,,,
Antigua and Barbuda,2012,0.10,,,,
Aruba,2012,0.10,,,,
Australia,2012,22.74,"30,316.00","53,553.20",n/a,
Austria,2012,8.43,"25,338.00","48,172.20",1.0249,1.0000
"Bahamas, The",2012,0.37,,,,
Bahrain,2012,1.30,,,,
Belgium,2012,11.13,"22,786.30","44,337.60",1.0284,1.0000
Bermuda,2012,0.06,,,,
British Virgin Islands,2012,0.03,,,,
Brunei Darussalam,2012,0.40,,,,
Canada,2012,34.75,"27,558.80","48,724.20",n/a,
Cayman Islands,2012,0.06,,,,
Channel Islands,2012,0.16,,,,
Curacao,2012,0.15,,,,
Cyprus,2012,1.14,"18,849.60","28,775.10",1.0239,1.0000
Denmark,2012,5.59,"27,634.40","58,487.80",1.0240,
Faroe Islands,2012,0.05,,,,
Finland,2012,5.41,"25,151.70","46,277.60",1.0281,1.0000
France,2012,65.66,"22,336.00","41,158.90",1.0195,1.0000
French Polynesia,2012,0.27,,,,
Germany,2012,80.43,"24,462.20","44,259.30",n/a,1.0000
Gibraltar,2012,0.03,,,,
Greece,2012,11.05,"15,608.20","22,830.50",1.0150,1.0000
Greenland,2012,0.06,,,,
Guam,2012,0.16,,,,
"Hong Kong SAR, China",2012,7.15,,,,
Iceland,2012,0.32,"22,371.00","42,875.60",1.0519,
Ireland,2012,4.60,"22,347.80","49,714.00",1.0170,1.0000
Isle of Man,2012,0.08,,,,
Israel,2012,7.91,"17,910.30","31,507.50",1.0171,1.0000
Italy,2012,59.54,"20,913.30","34,885.30",1.0304,1.0000
Japan,2012,127.63,"26,213.80","45,276.90",n/a,
"Korea, Rep.",2012,50.20,"11,506.70","23,123.80",1.0219,
Kuwait,2012,3.40,,,,
Liechtenstein,2012,0.04,,,,
Luxembourg,2012,0.53,"33,702.80","102,405.00",1.0266,1.0000
"Macao SAR, China",2012,0.56,,,,
Malta,2012,0.42,"12,321.60","21,658.00",1.0238,1.0000
Monaco,2012,0.04,,,,
Nauru,2012,0.01,,,,
Netherlands,2012,16.76,"22,109.60","50,213.00",1.0246,1.0000
Netherlands Antilles,2012,n/a,,,,
New Caledonia,2012,0.26,,,,
New Zealand,2012,4.41,,,,
Norway,2012,5.02,"37,956.50","88,689.50",1.0070,
Portugal,2012,10.51,"13,577.90","21,353.20",1.0277,1.0000
Puerto Rico,2012,3.63,,,,
Qatar,2012,2.11,,,,
San Marino,2012,0.03,,,,
Saudi Arabia,2012,29.09,,,,
Singapore,2012,5.31,,,,
Sint Maarten (Dutch part),2012,0.03,,,,
Spain,2012,46.77,"16,506.50","29,414.90",1.0245,1.0000
St. Martin (French part),2012,0.03,,,,
Sweden,2012,9.52,"24,461.00","52,519.70",1.0089,
Switzerland,2012,8.00,"40,534.20","74,984.10",0.9931,
"Taiwan, China",2012,23.26,,,,
Turks and Caicos Islands,2012,0.03,,,,
United Arab Emirates,2012,8.90,,,,
United Kingdom,2012,63.70,"25,347.30","39,455.40",1.0257,
United States,2012,313.99,"33,712.00","49,498.40",n/a,
Virgin Islands (U.S.),2012,0.11,,,,
Afghanistan,2012,30.70,,,,
Bangladesh,2012,155.73,608.30,839.51,n/a,
Bhutan,2012,0.75,"1,013.80","2,387.01",1.1092,
India,2012,"1,263.07",834.02,"1,474.97",,
Maldives,2012,0.39,,"7,458.86",n/a,
Nepal,2012,27.65,529.91,627.18,n/a,
Pakistan,2012,177.91,873.19,"1,060.50",n/a,
Sri Lanka,2012,20.43,"2,136.15","3,286.01",1.1126,
Angola,2012,25.10,"1,447.56","3,750.21",n/a,
Benin,2012,9.73,552.18,773.18,n/a,
Botswana,2012,2.09,"3,200.72","6,779.39",n/a,
Burkina Faso,2012,16.57,376.31,615.10,n/a,
Burundi,2012,9.32,198.12,236.93,n/a,
Cabo Verde,2012,0.51,"2,154.68","3,403.03",n/a,
Cameroon,2012,21.08,937.69,"1,349.95",n/a,
Central African Republic,2012,4.49,434.73,475.67,n/a,
Chad,2012,12.71,617.78,914.12,n/a,
Comoros,2012,0.72,"1,243.52","1,346.24",n/a,
"Congo, Dem. Rep.",2012,68.98,238.77,357.82,1.0892,
"Congo, Rep.",2012,4.63,676.54,"2,782.11",n/a,
Cote d'Ivoire,2012,21.42,818.13,"1,229.78",,
Equatorial Guinea,2012,1.04,,,,
Eritrea,2012,4.56,,,,
Eswatini,2012,1.25,"2,952.68","3,807.73",,
Ethiopia,2012,92.44,,391.13,n/a,
Gabon,2012,1.76,"2,852.20","9,212.29",n/a,
"Gambia, The",2012,1.80,n/a,533.78,n/a,
Ghana,2012,25.73,"1,318.85","1,558.48",1.2509,1.0000
Guinea,2012,11.28,545.02,679.55,1.1523,
Guinea-Bissau,2012,1.64,505.57,550.61,n/a,
Kenya,2012,43.65,794.74,"1,016.81",n/a,
Lesotho,2012,2.09,"1,162.73","1,280.44",n/a,
Liberia,2012,4.18,396.26,361.23,n/a,1.0000
Madagascar,2012,22.35,355.37,408.34,1.0571,
Malawi,2012,16.10,415.90,461.89,n/a,
Mali,2012,16.01,500.83,683.00,n/a,
Mauritania,2012,3.83,650.75,"1,254.50",n/a,
Mauritius,2012,1.26,"6,139.78","8,580.08",1.0385,
Mayotte,2012,0.22,,,,
Mozambique,2012,25.68,349.31,454.11,n/a,
Namibia,2012,2.26,"3,759.35","5,502.26",n/a,
Niger,2012,17.73,255.52,368.97,n/a,
Nigeria,2012,167.30,"1,414.15","2,383.98",n/a,
Rwanda,2012,10.79,504.01,627.62,n/a,
Sao Tome and Principe,2012,0.18,,"1,162.54",,
Senegal,2012,13.70,970.98,"1,261.97",n/a,
Seychelles,2012,0.09,n/a,"12,000.00",n/a,
Sierra Leone,2012,6.77,415.72,466.58,n/a,
Somalia,2012,12.76,,,,
South Africa,2012,53.00,"4,557.52","7,476.80",n/a,
South Sudan,2012,10.82,598.93,747.47,n/a,
Sudan,2012,35.99,"1,105.54","1,797.11",n/a,
Tanzania,2012,49.08,479.62,747.66,n/a,
Togo,2012,6.86,543.02,566.19,n/a,
Uganda,2012,36.31,486.86,631.55,1.1517,
Zambia,2012,14.70,n/a,"1,565.90",n/a,1.0000
Zimbabwe,2012,14.71,929.80,"1,090.52",n/a,
American Samoa,2013,0.06,,,,
Cambodia,2013,15.02,,,n/a,
China,2013,"1,357.38","2,229.10","5,721.69",,
Fiji,2013,0.88,,"3,894.26",1.0656,
Indonesia,2013,252.03,"1,969.39","3,560.11",1.0821,
Kiribati,2013,0.11,,"1,594.75",n/a,
"Korea, Dem. People's Rep.",2013,24.99,,,,
Lao PDR,2013,6.49,"1,018.00","1,383.70",n/a,
Malaysia,2013,29.71,"5,129.13","9,981.15",1.0380,
Marshall Islands,2013,0.05,,,,
"Micronesia, Fed. Sts.",2013,0.10,,"2,784.56",1.0686,
Mongolia,2013,2.87,"2,090.51","3,685.75",n/a,
Myanmar,2013,51.45,n/a,"1,183.28",n/a,
Northern Mariana Islands,2013,0.05,,,,
Palau,2013,0.02,,,,
Papua New Guinea,2013,7.59,,"2,061.91",n/a,
Philippines,2013,98.48,"1,724.49","2,399.61",n/a,
Samoa,2013,0.19,,"3,510.92",1.0257,
Solomon Islands,2013,0.56,,"1,473.76",1.1162,
Thailand,2013,68.14,"2,864.88","5,558.84",1.0527,
Timor-Leste,2013,1.18,587.19,"3,527.34",n/a,
Tonga,2013,0.11,n/a,"3,524.23",n/a,
Tuvalu,2013,0.01,,"3,180.41",n/a,
Vanuatu,2013,0.25,"1,841.22","2,907.61",n/a,
Vietnam,2013,91.50,968.45,"1,493.56",n/a,
Albania,2013,2.90,"3,622.77","4,327.61",n/a,
Armenia,2013,2.89,"2,949.54","3,710.58",1.0850,
Azerbaijan,2013,9.42,n/a,"6,078.32",n/a,1.0000
Belarus,2013,9.47,"4,218.15","6,707.62",1.8838,
Bosnia and Herzegovina,2013,3.61,"4,007.04","4,882.96",n/a,
Bulgaria,2013,7.27,"4,552.11","7,136.85",1.0387,n/a
Croatia,2013,4.26,"7,894.41","13,624.60",1.0571,
Czech Republic,2013,10.51,"9,616.87","19,826.80",1.0477,
Estonia,2013,1.32,"8,648.05","16,918.60",1.0682,0.0639
Georgia,2013,3.78,"2,578.92","3,633.74",0.9855,
Hungary,2013,9.89,"6,857.61","13,509.90",1.0748,
Kazakhstan,2013,17.04,"5,370.32","10,368.50",1.1145,
Kosovo,2013,1.82,"3,046.87","3,565.46",1.0429,
Kyrgyz Republic,2013,5.72,911.94,984.24,1.0957,
Latvia,2013,2.01,"8,400.73","13,381.30",1.0223,
Lithuania,2013,2.96,"9,039.27","14,301.70",1.0417,3.4528
Moldova,2013,3.56,"1,797.78","1,894.78",1.0935,
Montenegro,2013,0.62,"5,347.41","6,924.88",1.0644,
North Macedonia,2013,2.08,"3,339.93","4,751.89",1.0619,
Poland,2013,38.04,"8,086.70","13,630.70",1.0459,
Romania,2013,19.98,"5,497.74","8,965.65",1.0745,1.0000
Russian Federation,2013,143.51,"6,620.27","11,803.70",1.1217,
Serbia,2013,7.16,"4,228.67","5,670.71",1.1559,
Slovak Republic,2013,5.41,"9,397.17","17,538.60",1.0506,
Slovenia,2013,2.06,"12,217.20","22,574.70",1.0441,0.0042
Tajikistan,2013,8.18,867.46,855.41,1.1113,
Turkey,2013,75.79,"8,022.72","12,866.10",1.1705,
Turkmenistan,2013,5.37,n/a,"5,909.77",n/a,1.0000
Ukraine,2013,45.49,"2,527.07","3,160.08",1.0033,
Uzbekistan,2013,30.24,n/a,"1,645.91",n/a,
Argentina,2013,42.54,"7,331.03","10,699.20",1.6618,1.0000
Barbados,2013,0.28,,,,
Belize,2013,0.34,"3,176.61","4,304.05",n/a,
Bolivia,2013,10.40,"1,372.09","2,231.49",1.1377,
Brazil,2013,202.41,"7,377.30","11,915.40",1.1258,1.0000
Chile,2013,17.46,"8,758.58","14,551.00",1.0606,
Colombia,2013,47.34,"4,703.64","7,049.25",1.0545,
Costa Rica,2013,4.71,"6,009.93","8,852.40",1.1054,
Cuba,2013,11.41,,,,
Dominica,2013,0.07,,,,
Dominican Republic,2013,10.28,"4,242.02","5,833.44",1.0984,
Ecuador,2013,15.66,"3,158.21","5,311.21",1.0914,1.0000
El Salvador,2013,6.25,"2,795.54","3,224.84",1.0256,1.0000
Grenada,2013,0.11,,,,
Guatemala,2013,15.60,"2,529.54","2,947.98",n/a,
Guyana,2013,0.76,n/a,"3,486.98",n/a,
Haiti,2013,10.43,,718.42,n/a,
Honduras,2013,8.66,"1,602.08","2,033.32",1.1008,
Jamaica,2013,2.85,"3,871.26","4,703.25",n/a,
Mexico,2013,122.54,"6,072.11","9,400.32",n/a,1.0000
Nicaragua,2013,5.95,"1,314.88","1,750.06",n/a,
Panama,2013,3.84,"5,194.16","10,019.40",1.1040,
Paraguay,2013,6.47,"3,077.87","4,731.86",1.0795,
Peru,2013,30.57,"3,628.48","5,765.89",1.0657,1.0000
St. Kitts and Nevis,2013,0.05,,,,
St. Lucia,2013,0.18,n/a,"7,986.09",n/a,
St. Vincent and the Grenadines,2013,0.11,,,,
Suriname,2013,0.54,n/a,"9,008.95",n/a,1.0000
Trinidad and Tobago,2013,1.35,,"16,760.60",n/a,
Uruguay,2013,3.41,"9,391.38","13,467.40",1.1097,
"Venezuela, RB",2013,30.32,"8,451.49","14,462.40",n/a,
Algeria,2013,38.34,"1,674.51","4,596.22",n/a,
Djibouti,2013,0.90,,"1,447.47",1.0654,
"Egypt, Arab Rep.",2013,89.81,"2,110.60","2,590.95",n/a,
"Iran, Islamic Rep.",2013,77.44,"2,705.05","5,964.18",1.7588,
Iraq,2013,33.88,n/a,"5,390.01",n/a,
Jordan,2013,8.41,"2,701.60","3,401.08",n/a,
Lebanon,2013,5.28,"6,627.79","7,754.77",n/a,
Libya,2013,6.20,,,,
Morocco,2013,33.82,"1,821.02","3,077.31",1.0341,
Oman,2013,3.71,,,,
Syrian Arab Republic,2013,19.81,,"1,152.82",n/a,
Tunisia,2013,11.01,"3,194.44","4,196.78",n/a,
West Bank and Gaza,2013,4.17,"2,296.41","2,521.19",n/a,
"Yemen, Rep.",2013,25.58,,"1,132.10",n/a,
Andorra,2013,0.08,,,,
Antigua and Barbuda,2013,0.10,,,,
Aruba,2013,0.10,,,,
Australia,2013,23.15,"30,314.60","54,008.70",n/a,
Austria,2013,8.48,"25,169.20","47,901.40",1.0454,1.0000
"Bahamas, The",2013,0.38,,,,
Bahrain,2013,1.32,,,,
Belgium,2013,11.18,"22,844.30","44,209.70",1.0398,1.0000
Bermuda,2013,0.07,,,,
British Virgin Islands,2013,0.03,,,,
Brunei Darussalam,2013,0.41,,,,
Canada,2013,35.15,"27,947.20","49,359.40",1.0247,
Cayman Islands,2013,0.06,,,,
Channel Islands,2013,0.16,,,,
Curacao,2013,0.15,,,,
Cyprus,2013,1.14,"17,781.20","27,130.60",1.0198,1.0000
Denmark,2013,5.61,"27,596.30","58,788.10",1.0321,
Faroe Islands,2013,0.05,,,,
Finland,2013,5.44,"24,922.60","45,715.60",1.0433,1.0000
France,2013,66.00,"22,331.10","41,183.50",1.0284,1.0000
French Polynesia,2013,0.27,,,,
Germany,2013,80.65,"24,545.10","44,354.70",1.0354,1.0000
Gibraltar,2013,0.03,,,,
Greece,2013,10.97,"15,317.90","22,251.30",1.0057,1.0000
Greenland,2013,0.06,,,,
Guam,2013,0.16,,,,
"Hong Kong SAR, China",2013,7.18,,,,
Iceland,2013,0.32,"22,347.70","44,301.80",1.0926,
Ireland,2013,4.62,"22,183.40","50,263.40",1.0221,1.0000
Isle of Man,2013,0.08,,,,
Israel,2013,8.06,"18,232.30","32,196.40",n/a,1.0000
Italy,2013,60.23,"20,164.30","33,887.30",1.0430,1.0000
Japan,2013,127.45,"26,873.40","46,249.20",n/a,
"Korea, Rep.",2013,50.43,"11,670.00","23,685.40",n/a,
Kuwait,2013,3.60,,,,
Liechtenstein,2013,0.04,,,,
Luxembourg,2013,0.54,"33,594.10","103,722.00",1.0444,1.0000
"Macao SAR, China",2013,0.58,,,,
Malta,2013,0.43,"12,399.00","22,340.80",1.0358,1.0000
Monaco,2013,0.04,,,,
Nauru,2013,0.01,,,,
Netherlands,2013,16.80,"21,823.00","49,969.90",1.0502,1.0000
Netherlands Antilles,2013,n/a,,,,
New Caledonia,2013,0.26,,,,
New Zealand,2013,4.44,,,,
Norway,2013,5.08,"38,556.10","88,538.70",1.0283,
Portugal,2013,10.46,"13,489.10","21,228.10",1.0306,1.0000
Puerto Rico,2013,3.59,,,,
Qatar,2013,2.25,,,,
San Marino,2013,0.03,,,,
Saudi Arabia,2013,29.94,,,,
Singapore,2013,5.40,,,,
Sint Maarten (Dutch part),2013,0.04,,,,
Spain,2013,46.62,"16,045.30","29,008.00",1.0389,1.0000
St. Martin (French part),2013,0.03,,,,
Sweden,2013,9.60,"24,705.50","52,722.90",1.0084,
Switzerland,2013,8.09,"41,121.30","75,499.70",0.9909,
"Taiwan, China",2013,23.34,,,,
Turks and Caicos Islands,2013,0.03,,,,
United Arab Emirates,2013,9.01,,,,
United Kingdom,2013,64.13,"25,614.30","39,996.50",1.0492,
United States,2013,316.24,"33,962.20","49,972.00",1.0356,
Virgin Islands (U.S.),2013,0.11,,,,
Afghanistan,2013,31.73,,,,
Bangladesh,2013,157.57,632.00,879.58,n/a,
Bhutan,2013,0.76,"1,577.02","2,399.92",n/a,
India,2013,"1,278.56",884.08,"1,550.14",,
Maldives,2013,0.40,,"7,776.54",n/a,
Nepal,2013,27.99,537.54,645.25,n/a,
Pakistan,2013,181.71,873.21,"1,083.97",1.2236,
Sri Lanka,2013,20.59,"2,284.76","3,371.18",n/a,
Angola,2013,26.00,"1,512.84","3,799.43",n/a,
Benin,2013,10.00,553.90,805.97,n/a,
Botswana,2013,2.13,"3,458.97","7,409.42",n/a,
Burkina Faso,2013,17.07,390.14,631.61,n/a,
Burundi,2013,9.60,212.59,241.33,1.3035,
Cabo Verde,2013,0.52,"2,167.60","3,389.94",n/a,
Cameroon,2013,21.66,969.33,"1,385.24",n/a,
Central African Republic,2013,4.50,283.38,300.48,n/a,
Chad,2013,13.13,650.17,934.70,n/a,
Comoros,2013,0.74,"1,255.22","1,373.37",1.0312,
"Congo, Dem. Rep.",2013,71.32,260.19,375.44,n/a,
"Congo, Rep.",2013,4.75,863.50,"2,806.35",n/a,
Cote d'Ivoire,2013,21.97,831.41,"1,305.71",,
Equatorial Guinea,2013,1.08,,,,
Eritrea,2013,4.65,,,,
Eswatini,2013,1.27,"2,959.37","3,977.98",,
Ethiopia,2013,94.89,,421.38,n/a,
Gabon,2013,1.82,"2,982.07","9,408.00",n/a,
"Gambia, The",2013,1.86,n/a,542.13,n/a,
Ghana,2013,26.35,"1,543.49","1,633.51",n/a,1.0000
Guinea,2013,11.54,578.52,690.67,n/a,
Guinea-Bissau,2013,1.68,500.93,553.88,n/a,
Kenya,2013,44.83,838.30,"1,048.24",n/a,
Lesotho,2013,2.12,"1,221.43","1,287.15",n/a,
Liberia,2013,4.29,398.14,383.08,n/a,1.0000
Madagascar,2013,22.96,350.09,406.38,n/a,
Malawi,2013,16.58,364.90,471.84,n/a,
Mali,2013,16.48,499.39,678.76,n/a,
Mauritania,2013,3.95,646.79,"1,291.81",n/a,
Mauritius,2013,1.26,"6,287.90","8,848.87",n/a,
Mayotte,2013,0.23,,,,
Mozambique,2013,26.43,359.28,472.59,n/a,
Namibia,2013,2.32,"4,021.38","5,679.28",n/a,
Niger,2013,18.43,255.88,373.76,n/a,
Nigeria,2013,171.83,"1,666.88","2,475.95",n/a,
Rwanda,2013,11.07,511.39,640.79,1.1598,
Sao Tome and Principe,2013,0.19,,"1,191.44",,
Senegal,2013,14.12,967.40,"1,259.28",n/a,
Seychelles,2013,0.09,n/a,"12,489.30",1.1176,
Sierra Leone,2013,6.92,526.48,550.55,n/a,
Somalia,2013,13.13,,,,
South Africa,2013,53.77,"4,581.89","7,553.00",n/a,
South Sudan,2013,11.18,604.17,818.44,n/a,
Sudan,2013,36.85,"1,119.60","1,832.31",n/a,
Tanzania,2013,50.64,504.10,777.40,n/a,
Togo,2013,7.04,651.00,585.14,n/a,
Uganda,2013,37.55,470.71,632.49,n/a,
Zambia,2013,15.15,n/a,"1,595.92",n/a,1.0000
Zimbabwe,2013,15.05,897.63,"1,086.83",n/a,
American Samoa,2014,0.06,,,,
Cambodia,2014,15.27,,,n/a,
China,2014,"1,364.27","2,392.18","6,108.24",,
Fiji,2014,0.89,,"4,084.20",n/a,
Indonesia,2014,255.13,"2,048.26","3,692.94",1.1614,
Kiribati,2014,0.11,,"1,556.05",n/a,
"Korea, Dem. People's Rep.",2014,25.12,,,,
Lao PDR,2014,6.58,"1,052.29","1,470.50",n/a,
Malaysia,2014,30.23,"5,392.33","10,398.20",n/a,
Marshall Islands,2014,0.05,,,,
"Micronesia, Fed. Sts.",2014,0.10,,"2,716.32",n/a,
Mongolia,2014,2.92,"2,180.52","3,901.87",1.4175,
Myanmar,2014,51.92,n/a,"1,266.12",n/a,
Northern Mariana Islands,2014,0.05,,,,
Palau,2014,0.02,,,,
Papua New Guinea,2014,7.76,,"2,329.89",n/a,
Philippines,2014,100.10,"1,790.76","2,505.82",n/a,
Samoa,2014,0.19,,"3,531.58",n/a,
Solomon Islands,2014,0.58,,"1,475.53",n/a,
Thailand,2014,68.42,"2,875.46","5,591.11",1.0726,
Timor-Leste,2014,1.21,604.42,"2,547.35",1.2510,
Tonga,2014,0.11,n/a,"3,581.84",n/a,
Tuvalu,2014,0.01,,"3,196.98",n/a,
Vanuatu,2014,0.26,"1,871.04","2,909.78",n/a,
Vietnam,2014,92.54,"1,016.09","1,565.02",1.2007,
Albania,2014,2.89,"3,810.74","4,413.33",1.0568,
Armenia,2014,2.91,"2,965.81","3,827.34",1.1173,
Azerbaijan,2014,9.54,n/a,"6,122.98",n/a,1.0000
Belarus,2014,9.47,"4,394.30","6,817.29",2.2251,
Bosnia and Herzegovina,2014,3.57,"4,129.40","4,993.11",n/a,
Bulgaria,2014,7.22,"4,703.65","7,309.42",1.0240,n/a
Croatia,2014,4.24,"7,799.53","13,668.20",1.0549,
Czech Republic,2014,10.53,"9,779.43","20,343.70",1.0513,
Estonia,2014,1.31,"8,962.79","17,453.40",1.0671,0.0639
Georgia,2014,3.73,"2,697.24","3,851.72",1.0157,
Hungary,2014,9.87,"7,065.62","14,119.10",1.0724,
Kazakhstan,2014,17.29,"5,370.86","10,646.00",1.1908,
Kosovo,2014,1.82,"3,263.79","3,612.73",1.0474,
Kyrgyz Republic,2014,5.84,927.79,"1,003.51",1.1782,
Latvia,2014,1.99,"8,597.15","13,759.00",1.0286,
Lithuania,2014,2.93,"9,478.98","14,935.50",1.0428,3.4528
Moldova,2014,3.56,"1,856.44","1,986.94",1.1492,
Montenegro,2014,0.62,"5,495.32","7,042.69",1.0569,
North Macedonia,2014,2.08,"3,410.09","4,920.20",1.0589,
Poland,2014,38.01,"8,286.62","14,093.60",1.0464,
Romania,2014,19.91,"5,778.44","9,306.24",1.0860,1.0000
Russian Federation,2014,143.82,"6,629.21","11,680.60",1.2094,
Serbia,2014,7.13,"4,192.25","5,593.06",1.1800,
Slovak Republic,2014,5.42,"9,516.47","18,003.50",1.0498,
Slovenia,2014,2.06,"12,442.00","23,224.40",1.0462,0.0042
Tajikistan,2014,8.36,n/a,892.59,1.1792,
Turkey,2014,77.03,"8,128.23","13,312.50",1.2741,
Turkmenistan,2014,5.47,n/a,"6,399.27",n/a,1.0000
Ukraine,2014,45.27,"2,451.41","3,123.92",1.1244,
Uzbekistan,2014,30.76,n/a,"1,744.49",n/a,
Argentina,2014,42.98,"6,939.49","10,323.20",2.3323,1.0000
Barbados,2014,0.28,,,,
Belize,2014,0.35,"3,134.99","4,367.63",n/a,
Bolivia,2014,10.56,"1,424.28","2,317.27",1.1790,
Brazil,2014,204.21,"7,476.65","11,870.10",1.2018,1.0000
Chile,2014,17.61,"8,915.55","14,681.30",n/a,
Colombia,2014,47.79,"4,874.95","7,313.21",1.0931,
Costa Rica,2014,4.76,"6,192.03","9,065.03",1.1627,
Cuba,2014,11.44,,,,
Dominica,2014,0.07,,,,
Dominican Republic,2014,10.41,"4,335.49","6,203.73",1.1294,
Ecuador,2014,15.90,"3,195.26","5,428.71",1.1324,1.0000
El Salvador,2014,6.28,"2,793.41","3,272.74",1.0388,1.0000
Grenada,2014,0.11,,,,
Guatemala,2014,15.92,"2,574.29","3,007.90",1.1247,
Guyana,2014,0.76,n/a,"3,595.92",n/a,
Haiti,2014,10.57,,728.78,n/a,
Honduras,2014,8.81,"1,614.77","2,059.47",1.1692,
Jamaica,2014,2.86,"3,824.65","4,718.60",n/a,
Mexico,2014,124.22,"6,115.50","9,532.80",1.1227,1.0000
Nicaragua,2014,6.01,"1,355.01","1,812.99",1.2325,
Panama,2014,3.90,"5,487.20","10,350.40",1.1286,
Paraguay,2014,6.55,"3,206.24","4,896.11",1.1171,
Peru,2014,30.97,"3,720.38","5,825.20",1.1001,1.0000
St. Kitts and Nevis,2014,0.05,,,,
St. Lucia,2014,0.18,n/a,"8,234.96",n/a,
St. Vincent and the Grenadines,2014,0.11,,,,
Suriname,2014,0.55,n/a,"8,943.15",n/a,1.0000
Trinidad and Tobago,2014,1.35,,"16,641.20",n/a,
Uruguay,2014,3.42,"9,637.35","13,856.70",1.2043,
"Venezuela, RB",2014,30.74,"8,055.59","13,709.00",n/a,
Algeria,2014,39.11,"1,704.34","4,675.89",n/a,
Djibouti,2014,0.91,,"1,508.29",n/a,
"Egypt, Arab Rep.",2014,91.81,"2,155.26","2,608.26",n/a,
"Iran, Islamic Rep.",2014,78.41,"2,726.09","6,161.10",2.0324,
Iraq,2014,35.01,n/a,"5,253.63",n/a,
Jordan,2014,8.81,"2,513.24","3,348.83",n/a,
Lebanon,2014,5.60,"6,803.16","7,445.75",n/a,
Libya,2014,6.20,,,,
Morocco,2014,34.32,"1,851.05","3,113.80",n/a,
Oman,2014,3.96,,,,
Syrian Arab Republic,2014,19.20,,960.30,n/a,
Tunisia,2014,11.14,n/a,"4,271.33",n/a,
West Bank and Gaza,2014,4.29,"2,286.65","2,420.99",n/a,
"Yemen, Rep.",2014,26.25,,"1,101.12",1.3182,
Andorra,2014,0.08,,,,
Antigua and Barbuda,2014,0.10,,,,
Aruba,2014,0.10,,,,
Australia,2014,23.50,"30,580.50","54,546.20",1.0685,
Austria,2014,8.55,"25,046.40","47,922.30",1.0621,1.0000
"Bahamas, The",2014,0.38,,,,
Bahrain,2014,1.34,,,,
Belgium,2014,11.21,"22,930.10","44,676.70",1.0434,1.0000
Bermuda,2014,0.07,,,,
British Virgin Islands,2014,0.03,,,,
Brunei Darussalam,2014,0.41,,,,
Canada,2014,35.54,"28,369.80","50,221.80",n/a,
Cayman Islands,2014,0.06,,,,
Channel Islands,2014,0.16,,,,
Curacao,2014,0.16,,,,
Cyprus,2014,1.15,"18,100.80","27,045.80",1.0060,1.0000
Denmark,2014,5.64,"27,707.00","59,437.90",1.0379,
Faroe Islands,2014,0.05,,,,
Finland,2014,5.46,"25,008.70","45,239.40",1.0541,1.0000
France,2014,66.32,"22,396.10","41,374.80",1.0336,1.0000
French Polynesia,2014,0.28,,,,
Germany,2014,80.98,"24,677.20","45,022.60",n/a,1.0000
Gibraltar,2014,0.03,,,,
Greece,2014,10.89,"15,516.40","22,565.70",0.9925,1.0000
Greenland,2014,0.06,,,,
Guam,2014,0.16,,,,
"Hong Kong SAR, China",2014,7.23,,,,
Iceland,2014,0.33,"22,815.70","44,775.60",1.1149,
Ireland,2014,4.66,"22,480.80","54,053.00",1.0240,1.0000
Isle of Man,2014,0.08,,,,
Israel,2014,8.22,"18,683.00","32,661.30",1.0378,1.0000
Italy,2014,60.79,"20,032.10","33,616.00",1.0455,1.0000
Japan,2014,127.28,"26,678.50","46,484.20",n/a,
"Korea, Rep.",2014,50.75,"11,799.60","24,323.60",n/a,
Kuwait,2014,3.78,,,,
Liechtenstein,2014,0.04,,,,
Luxembourg,2014,0.56,"33,565.30","107,153.00",1.0510,1.0000
"Macao SAR, China",2014,0.59,,,,
Malta,2014,0.43,"12,483.00","23,676.00",1.0391,1.0000
Monaco,2014,0.04,,,,
Nauru,2014,0.01,,,,
Netherlands,2014,16.86,"21,802.50","50,497.20",1.0605,1.0000
Netherlands Antilles,2014,n/a,,,,
New Caledonia,2014,0.27,,,,
New Zealand,2014,4.51,,,,
Norway,2014,5.14,"38,920.50","89,275.00",1.0493,
Portugal,2014,10.40,"13,873.90","21,533.50",1.0277,1.0000
Puerto Rico,2014,3.53,,,,
Qatar,2014,2.37,,,,
San Marino,2014,0.03,,,,
Saudi Arabia,2014,30.78,,,,
Singapore,2014,5.47,,,,
Sint Maarten (Dutch part),2014,0.04,,,,
Spain,2014,46.48,"16,339.80","29,496.40",1.0373,1.0000
St. Martin (French part),2014,0.03,,,,
Sweden,2014,9.70,"24,982.00","53,561.90",1.0066,
Switzerland,2014,8.19,"41,139.50","76,410.90",0.9908,
"Taiwan, China",2014,23.39,,,,
Turks and Caicos Islands,2014,0.03,,,,
United Arab Emirates,2014,9.07,,,,
United Kingdom,2014,64.61,"25,962.20","40,908.70",1.0645,
United States,2014,318.62,"34,674.30","50,871.70",n/a,
Virgin Islands (U.S.),2014,0.11,,,,
Afghanistan,2014,32.76,,,,
Bangladesh,2014,159.41,649.76,922.16,n/a,
Bhutan,2014,0.78,"1,454.48","2,500.26",n/a,
India,2014,"1,293.86",929.49,"1,645.33",,
Maldives,2014,0.41,,"8,124.71",n/a,
Nepal,2014,28.32,553.48,675.74,n/a,
Pakistan,2014,185.55,902.95,"1,111.20",n/a,
Sri Lanka,2014,20.77,"2,347.14","3,506.73",n/a,
Angola,2014,26.92,"1,646.19","3,846.24",n/a,
Benin,2014,10.29,567.94,833.64,n/a,
Botswana,2014,2.17,"3,423.91","7,574.28",n/a,
Burkina Faso,2014,17.59,397.38,639.71,1.0410,
Burundi,2014,9.89,214.10,244.15,n/a,
Cabo Verde,2014,0.53,"2,166.99","3,369.64",n/a,
Cameroon,2014,22.24,993.71,"1,428.22",1.0679,
Central African Republic,2014,4.52,344.01,302.55,n/a,
Chad,2014,13.57,672.57,967.10,n/a,
Comoros,2014,0.76,"1,244.04","1,369.19",n/a,
"Congo, Dem. Rep.",2014,73.72,271.27,397.58,n/a,
"Congo, Rep.",2014,4.87,765.37,"2,922.97",n/a,
Cote d'Ivoire,2014,22.53,893.40,"1,384.91",,
Equatorial Guinea,2014,1.13,,,,
Eritrea,2014,4.75,,,,
Eswatini,2014,1.30,"2,892.42","3,980.77",,
Ethiopia,2014,97.37,,452.78,n/a,
Gabon,2014,1.88,"3,049.22","9,508.18",n/a,
"Gambia, The",2014,1.92,n/a,520.65,n/a,
Ghana,2014,26.96,"1,569.72","1,642.42",n/a,1.0000
Guinea,2014,11.81,552.78,699.96,n/a,
Guinea-Bissau,2014,1.73,467.86,544.88,n/a,
Kenya,2014,46.02,851.34,"1,075.66",n/a,
Lesotho,2014,2.15,"1,191.38","1,309.75",n/a,
Liberia,2014,4.39,418.41,376.59,1.2626,72.227
Madagascar,2014,23.59,339.99,408.66,n/a,
Malawi,2014,17.07,392.79,484.37,n/a,
Mali,2014,16.96,521.67,705.79,n/a,
Mauritania,2014,4.06,647.32,"1,324.37",1.1309,
Mauritius,2014,1.26,"6,441.60","9,163.64",n/a,
Mayotte,2014,0.23,,,,
Mozambique,2014,27.21,365.36,493.25,1.0997,
Namibia,2014,2.37,"4,198.79","5,901.24",n/a,
Niger,2014,19.15,255.03,386.75,1.0181,
Nigeria,2014,176.46,"1,633.10","2,563.09",n/a,
Rwanda,2014,11.35,537.55,672.62,n/a,
Sao Tome and Principe,2014,0.19,,"1,241.46",,
Senegal,2014,14.55,952.40,"1,303.27",n/a,
Seychelles,2014,0.09,n/a,"12,850.50",n/a,
Sierra Leone,2014,7.08,436.92,562.86,n/a,
Somalia,2014,13.51,,,,
South Africa,2014,54.54,"4,554.30","7,583.59",1.2426,
South Sudan,2014,11.53,547.36,820.11,n/a,
Sudan,2014,37.74,"1,118.93","1,837.14",2.6343,
Tanzania,2014,52.23,510.71,806.15,n/a,
Togo,2014,7.23,661.65,603.84,n/a,
Uganda,2014,38.83,466.42,642.88,n/a,
Zambia,2014,15.62,n/a,"1,620.82",n/a,1.0000
Zimbabwe,2014,15.41,854.43,"1,086.87",n/a,
American Samoa,2015,0.06,,,,
Cambodia,2015,15.52,,,n/a,
China,2015,"1,371.22","2,575.52","6,496.62",,
Fiji,2015,0.89,,"4,211.06",n/a,
Indonesia,2015,258.16,"2,122.22","3,827.55",1.2355,
Kiribati,2015,0.11,,"1,688.18",n/a,
"Korea, Dem. People's Rep.",2015,25.24,,,,
Lao PDR,2015,6.66,"1,085.23","1,556.67",n/a,
Malaysia,2015,30.72,"5,624.68","10,751.50",1.1007,
Marshall Islands,2015,0.05,,,,
"Micronesia, Fed. Sts.",2015,0.10,,"2,838.87",n/a,
Mongolia,2015,2.98,"2,316.06","3,923.63",n/a,
Myanmar,2015,52.40,n/a,"1,342.26",1.1661,
Northern Mariana Islands,2015,0.05,,,,
Palau,2015,0.02,,,,
Papua New Guinea,2015,7.92,,"2,402.54",n/a,
Philippines,2015,101.72,"1,873.95","2,615.66",1.1023,
Samoa,2015,0.19,,"3,555.66",n/a,
Solomon Islands,2015,0.59,,"1,482.19",n/a,
Thailand,2015,68.66,"2,930.75","5,739.76",1.0630,
Timor-Leste,2015,1.24,591.89,"3,009.31",n/a,
Tonga,2015,0.11,n/a,"3,694.46",1.0339,
Tuvalu,2015,0.01,,"3,459.78",n/a,
Vanuatu,2015,0.26,n/a,"2,823.71",n/a,
Vietnam,2015,93.57,"1,098.70","1,651.23",n/a,
Albania,2015,2.88,"3,924.11","4,524.47",1.0770,
Armenia,2015,2.92,"2,726.14","3,935.29",1.1590,
Azerbaijan,2015,9.65,n/a,"6,117.03",n/a,1.0000
Belarus,2015,9.49,"4,285.52","6,545.78",2.5263,
Bosnia and Herzegovina,2015,3.54,"4,238.95","5,190.46",1.0001,
Bulgaria,2015,7.18,"4,946.54","7,611.55",1.0229,n/a
Croatia,2015,4.20,"7,953.12","14,112.20",1.0495,
Czech Republic,2015,10.55,"10,120.80","21,381.70",1.0546,
Estonia,2015,1.32,"9,367.44","17,734.00",1.0619,0.0639
Georgia,2015,3.72,"2,708.43","3,973.22",1.0564,
Hungary,2015,9.84,"7,339.48","14,629.20",1.0717,
Kazakhstan,2015,17.54,"5,388.16","10,617.50",1.2703,
Kosovo,2015,1.80,"3,443.36","3,802.39",1.0417,
Kyrgyz Republic,2015,5.96,971.19,"1,021.16",1.2548,
Latvia,2015,1.98,"8,884.78","14,284.30",1.0304,
Lithuania,2015,2.90,"9,949.06","15,383.50",1.0336,1.0000
Moldova,2015,3.55,"1,814.91","1,980.27",1.2604,
Montenegro,2015,0.62,"5,615.11","7,278.06",n/a,
North Macedonia,2015,2.08,"3,558.06","5,105.45",1.0558,
Poland,2015,37.99,"8,540.35","14,644.40",1.0373,
Romania,2015,19.82,"6,151.75","9,712.14",1.0796,1.0000
Russian Federation,2015,144.10,"5,971.11","11,325.80",1.3973,
Serbia,2015,7.10,"4,232.96","5,663.39",1.1964,
Slovak Republic,2015,5.42,"9,719.14","18,678.90",1.0464,
Slovenia,2015,2.06,"12,695.30","23,731.20",1.0407,0.0042
Tajikistan,2015,8.55,n/a,925.64,1.2466,
Turkey,2015,78.27,"8,433.58","13,898.70",1.3719,
Turkmenistan,2015,5.57,n/a,"6,693.94",n/a,1.0000
Ukraine,2015,45.15,"1,976.02","2,828.89",1.6720,
Uzbekistan,2015,31.30,n/a,"1,851.47",n/a,
Argentina,2015,43.42,"7,120.93","10,498.60",n/a,1.0000
Barbados,2015,0.28,,,,
Belize,2015,0.36,"3,222.66","4,422.04",n/a,
Bolivia,2015,10.72,"1,475.63","2,393.00",1.2300,
Brazil,2015,205.96,"7,174.72","11,351.60",1.3158,1.0000
Chile,2015,17.76,"9,028.35","14,893.90",1.1624,
Colombia,2015,48.23,"4,980.19","7,461.20",1.1629,
Costa Rica,2015,4.81,"6,410.45","9,296.01",1.1590,
Cuba,2015,11.46,,,,
Dominica,2015,0.07,,,,
Dominican Republic,2015,10.53,"4,496.09","6,562.77",1.1339,
Ecuador,2015,16.14,"3,144.62","5,352.88",1.1710,1.0000
El Salvador,2015,6.31,"2,837.65","3,333.95",1.0415,1.0000
Grenada,2015,0.11,,,,
Guatemala,2015,16.25,"2,668.65","3,069.04",n/a,
Guyana,2015,0.77,n/a,"3,684.92",n/a,
Haiti,2015,10.71,,728.06,n/a,
Honduras,2015,8.96,"1,649.39","2,102.38",1.2101,
Jamaica,2015,2.87,"3,807.43","4,744.97",n/a,
Mexico,2015,125.89,"6,198.27","9,715.68",n/a,1.0000
Nicaragua,2015,6.08,"1,409.25","1,878.20",n/a,
Panama,2015,3.97,"5,549.29","10,763.80",1.1391,
Paraguay,2015,6.64,"3,291.36","4,981.15",1.1531,
Peru,2015,31.38,"3,818.63","5,937.29",1.1392,1.0000
St. Kitts and Nevis,2015,0.05,,,,
St. Lucia,2015,0.18,n/a,"8,121.83",n/a,
St. Vincent and the Grenadines,2015,0.11,,,,
Suriname,2015,0.55,n/a,"8,555.64",n/a,1.0000
Trinidad and Tobago,2015,1.36,,"16,824.10",n/a,
Uruguay,2015,3.43,"9,557.01","13,859.40",1.3037,
"Venezuela, RB",2015,31.16,n/a,n/a,n/a,
Algeria,2015,39.87,"1,734.60","4,759.60",n/a,
Djibouti,2015,0.93,,"1,579.92",n/a,
"Egypt, Arab Rep.",2015,93.78,"2,175.06","2,665.23",1.4248,
"Iran, Islamic Rep.",2015,79.36,"2,599.09","6,007.00",2.2746,
Iraq,2015,36.12,n/a,"5,218.39",n/a,
Jordan,2015,9.16,"2,622.08","3,297.89",n/a,
Lebanon,2015,5.85,"6,672.16","7,147.27",n/a,
Libya,2015,6.23,,,,
Morocco,2015,34.80,"1,867.10","3,209.71",n/a,
Oman,2015,4.20,,,,
Syrian Arab Republic,2015,18.74,,816.26,n/a,
Tunisia,2015,11.27,n/a,"4,270.87",1.2430,
West Bank and Gaza,2015,4.42,"2,561.89","2,641.80",n/a,
"Yemen, Rep.",2015,26.92,,894.63,n/a,
Andorra,2015,0.08,,,,
Antigua and Barbuda,2015,0.10,,,,
Aruba,2015,0.10,,,,
Australia,2015,23.85,"30,856.90","55,017.20",n/a,
Austria,2015,8.64,"24,896.30","47,905.50",1.0717,1.0000
"Bahamas, The",2015,0.39,,,,
Bahrain,2015,1.37,,,,
Belgium,2015,11.27,"23,001.50","45,052.40",1.0492,1.0000
Bermuda,2015,0.07,,,,
British Virgin Islands,2015,0.03,,,,
Brunei Darussalam,2015,0.42,,,,
Canada,2015,35.83,"28,743.40","50,303.80",n/a,
Cayman Islands,2015,0.06,,,,
Channel Islands,2015,0.16,,,,
Curacao,2015,0.16,,,,
Cyprus,2015,1.16,"18,679.90","27,738.50",0.9849,1.0000
Denmark,2015,5.68,"27,944.90","59,967.70",1.0426,
Faroe Islands,2015,0.05,,,,
Finland,2015,5.48,"25,357.20","45,151.50",1.0520,1.0000
France,2015,66.59,"22,621.30","41,642.30",1.0340,1.0000
French Polynesia,2015,0.28,,,,
Germany,2015,81.69,"24,884.20","45,412.60",1.0473,1.0000
Gibraltar,2015,0.03,,,,
Greece,2015,10.82,"15,546.70","22,648.80",0.9752,1.0000
Greenland,2015,0.06,,,,
Guam,2015,0.16,,,,
"Hong Kong SAR, China",2015,7.29,,,,
Iceland,2015,0.33,"23,631.70","46,221.90",1.1331,
Ireland,2015,4.70,"23,208.00","67,229.20",1.0210,1.0000
Isle of Man,2015,0.08,,,,
Israel,2015,8.38,"19,039.20","32,993.30",n/a,1.0000
Italy,2015,60.73,"20,425.90","33,968.70",1.0459,1.0000
Japan,2015,127.14,"26,698.20","47,163.50",n/a,
"Korea, Rep.",2015,51.01,"11,996.20","24,870.80",n/a,
Kuwait,2015,3.94,,,,
Liechtenstein,2015,0.04,,,,
Luxembourg,2015,0.57,"33,867.90","107,649.00",1.0560,1.0000
"Macao SAR, China",2015,0.60,,,,
Malta,2015,0.45,"12,872.50","25,342.00",1.0505,1.0000
Monaco,2015,0.04,,,,
Nauru,2015,0.01,,,,
Netherlands,2015,16.94,"22,147.70","51,410.50",1.0669,1.0000
Netherlands Antilles,2015,n/a,,,,
New Caledonia,2015,0.27,,,,
New Zealand,2015,4.60,,,,
Norway,2015,5.19,"39,530.60","90,104.00",1.0721,
Portugal,2015,10.36,"14,250.50","22,016.80",1.0327,1.0000
Puerto Rico,2015,3.47,,,,
Qatar,2015,2.48,,,,
San Marino,2015,0.03,,,,
Saudi Arabia,2015,31.56,,,,
Singapore,2015,5.54,,,,
Sint Maarten (Dutch part),2015,0.04,,,,
Spain,2015,46.44,"16,845.40","30,532.40",1.0321,1.0000
St. Martin (French part),2015,0.03,,,,
Sweden,2015,9.80,"25,490.20","55,395.10",1.0062,
Switzerland,2015,8.28,"41,406.80","76,472.50",0.9795,
"Taiwan, China",2015,23.46,,,,
Turks and Caicos Islands,2015,0.03,,,,
United Arab Emirates,2015,9.15,,,,
United Kingdom,2015,65.13,"26,415.50","41,536.90",1.0684,
United States,2015,321.04,"35,666.70","51,933.40",n/a,
Virgin Islands (U.S.),2015,0.11,,,,
Afghanistan,2015,33.74,,,,
Bangladesh,2015,161.20,679.90,971.64,n/a,
Bhutan,2015,0.79,"1,615.60","2,629.35",n/a,
India,2015,"1,309.05",986.83,"1,758.84",,
Maldives,2015,0.42,,"8,156.17",n/a,
Nepal,2015,28.66,562.70,690.08,n/a,
Pakistan,2015,189.38,910.30,"1,140.21",1.3226,
Sri Lanka,2015,20.97,"2,500.01","3,648.09",n/a,
Angola,2015,27.86,"1,637.78","3,751.69",n/a,
Benin,2015,10.58,556.19,827.84,1.0690,
Botswana,2015,2.21,"3,493.02","7,308.76",1.2545,
Burkina Faso,2015,18.11,396.27,645.37,n/a,
Burundi,2015,10.20,203.39,227.55,n/a,
Cabo Verde,2015,0.53,"2,208.75","3,362.21",n/a,
Cameroon,2015,22.83,"1,019.22","1,469.64",n/a,
Central African Republic,2015,4.55,351.81,314.93,n/a,
Chad,2015,14.01,628.65,962.66,n/a,
Comoros,2015,0.78,"1,223.68","1,352.13",n/a,
"Congo, Dem. Rep.",2015,76.20,279.92,411.28,n/a,
"Congo, Rep.",2015,5.00,801.50,"2,925.53",n/a,
Cote d'Ivoire,2015,23.11,990.70,"1,469.73",,
Equatorial Guinea,2015,1.18,,,,
Eritrea,2015,4.85,,,,
Eswatini,2015,1.32,"2,844.88","3,923.89",,
Ethiopia,2015,99.87,,487.29,1.6211,
Gabon,2015,1.93,"3,084.67","9,598.30",n/a,
"Gambia, The",2015,1.98,n/a,534.55,1.2749,
Ghana,2015,27.58,"1,529.40","1,640.46",n/a,1.0000
Guinea,2015,12.09,563.84,709.48,n/a,
Guinea-Bissau,2015,1.77,506.78,563.68,n/a,
Kenya,2015,47.24,872.31,"1,107.99",1.3729,
Lesotho,2015,2.17,"1,197.75","1,328.12",n/a,
Liberia,2015,4.50,493.12,367.48,n/a,1.0000
Madagascar,2015,24.23,331.95,410.19,n/a,
Malawi,2015,17.57,400.04,483.63,n/a,
Mali,2015,17.47,536.15,726.25,n/a,
Mauritania,2015,4.18,641.45,"1,304.88",n/a,
Mauritius,2015,1.26,"6,617.79","9,476.67",n/a,
Mayotte,2015,0.24,,,,
Mozambique,2015,28.01,372.40,510.79,n/a,
Namibia,2015,2.43,"4,631.12","6,119.57",1.2499,
Niger,2015,19.90,262.87,388.34,n/a,
Nigeria,2015,181.18,"1,585.49","2,562.52",n/a,
Rwanda,2015,11.63,619.74,714.37,n/a,
Sao Tome and Principe,2015,0.20,,"1,260.63",,
Senegal,2015,14.98,966.08,"1,346.36",n/a,
Seychelles,2015,0.09,n/a,"13,187.60",n/a,
Sierra Leone,2015,7.24,426.55,437.17,n/a,
Somalia,2015,13.91,,,,
South Africa,2015,55.29,"4,573.64","7,576.21",n/a,
South Sudan,2015,11.88,513.55,745.34,2.2528,
Sudan,2015,38.65,"1,130.82","1,881.90",n/a,
Tanzania,2015,53.88,502.10,835.97,n/a,
Togo,2015,7.42,704.16,622.35,1.0651,
Uganda,2015,40.14,501.63,654.14,n/a,
Zambia,2015,16.10,n/a,"1,618.46",0.0014,1.0000
Zimbabwe,2015,15.78,993.87,"1,080.57",n/a,
American Samoa,2016,0.06,,,,
Cambodia,2016,15.76,,,n/a,
China,2016,"1,378.67","2,770.61","6,894.46",,
Fiji,2016,0.90,,"4,195.97",n/a,
Indonesia,2016,261.12,"2,203.94","3,974.73",1.2905,
Kiribati,2016,0.11,,"1,743.94",n/a,
"Korea, Dem. People's Rep.",2016,25.37,,,,
Lao PDR,2016,6.76,"1,118.56","1,642.73",n/a,
Malaysia,2016,31.19,"5,870.89","11,038.90",n/a,
Marshall Islands,2016,0.05,,,,
"Micronesia, Fed. Sts.",2016,0.10,,"2,845.01",n/a,
Mongolia,2016,3.03,"2,217.67","3,903.23",1.5267,
Myanmar,2016,52.89,n/a,"1,408.01",n/a,
Northern Mariana Islands,2016,0.06,,,,
Palau,2016,0.02,,,,
Papua New Guinea,2016,8.08,,"2,390.93",n/a,
Philippines,2016,103.32,"1,976.48","2,752.11",n/a,
Samoa,2016,0.20,,"3,783.91",n/a,
Solomon Islands,2016,0.60,,"1,502.89",n/a,
Thailand,2016,68.86,"3,009.28","5,910.45",1.0650,
Timor-Leste,2016,1.27,613.68,"2,967.99",n/a,
Tonga,2016,0.11,n/a,"3,792.29",n/a,
Tuvalu,2016,0.01,,"3,533.94",n/a,
Vanuatu,2016,0.27,n/a,"2,873.69",n/a,
Vietnam,2016,94.57,"1,166.47","1,735.29",1.2388,
Albania,2016,2.88,"4,095.84","4,683.52",1.0907,
Armenia,2016,2.92,"2,690.75","3,932.55",1.1427,
Azerbaijan,2016,9.76,n/a,"5,861.51",n/a,1.0000
Belarus,2016,9.50,"4,143.64","6,372.40",2.8253,
Bosnia and Herzegovina,2016,3.52,"4,358.88","5,382.80",n/a,
Bulgaria,2016,7.13,"5,158.31","7,966.88",1.0147,n/a
Croatia,2016,4.17,"8,285.65","14,713.60",1.0377,
Czech Republic,2016,10.57,"10,465.20","21,894.10",1.0618,
Estonia,2016,1.32,"9,777.54","18,094.60",1.0634,1.0000
Georgia,2016,3.72,"2,691.73","4,084.00",1.0790,
Hungary,2016,9.81,"7,680.23","14,997.20",1.0760,
Kazakhstan,2016,17.79,"5,376.74","10,582.70",1.4528,
Kosovo,2016,1.82,"3,642.50","3,925.27",1.0446,
Kyrgyz Republic,2016,6.08,"1,040.35","1,043.95",1.2597,
Latvia,2016,1.96,"9,261.31","14,733.80",1.0319,
Lithuania,2016,2.87,"10,573.60","15,945.50",1.0429,1.0000
Moldova,2016,3.55,"1,875.00","2,070.63",1.3405,
Montenegro,2016,0.62,"5,915.13","7,487.39",n/a,
North Macedonia,2016,2.08,"3,692.70","5,246.09",n/a,
Poland,2016,37.97,"8,880.73","15,099.30",1.0304,
Romania,2016,19.70,"6,674.95","10,236.90",1.0629,1.0000
Russian Federation,2016,144.34,"5,691.62","11,279.60",n/a,
Serbia,2016,7.06,"4,296.73","5,852.38",1.2098,
Slovak Republic,2016,5.43,"9,966.99","19,275.10",1.0409,
Slovenia,2016,2.07,"13,219.20","24,460.40",1.0401,1.0000
Tajikistan,2016,8.73,n/a,968.16,n/a,
Turkey,2016,79.51,"8,606.14","14,117.40",1.4786,
Turkmenistan,2016,5.66,n/a,"6,986.86",n/a,1.0000
Ukraine,2016,45.00,"2,020.15","2,905.86",1.9046,
Uzbekistan,2016,31.85,n/a,"1,961.48",n/a,
Argentina,2016,43.85,"6,978.46","10,206.30",4.1346,1.0000
Barbados,2016,0.28,,,,
Belize,2016,0.37,"3,308.53","4,304.20",n/a,
Bolivia,2016,10.89,"1,502.90","2,457.64",1.2731,
Brazil,2016,207.65,"6,807.42","10,868.70",1.4112,1.0000
Chile,2016,17.91,"9,154.09","14,958.60",n/a,
Colombia,2016,48.65,"5,004.27","7,541.22",1.2323,
Costa Rica,2016,4.86,"6,596.52","9,592.11",1.1645,
Cuba,2016,11.48,,,,
Dominica,2016,0.07,,,,
Dominican Republic,2016,10.65,"4,664.72","6,917.60",1.1492,
Ecuador,2016,16.39,"3,023.74","5,209.56",1.1833,1.0000
El Salvador,2016,6.34,"2,871.51","3,402.60",1.0330,1.0000
Grenada,2016,0.11,,,,
Guatemala,2016,16.58,"2,725.03","3,100.98",n/a,
Guyana,2016,0.77,n/a,"3,783.54",n/a,
Haiti,2016,10.85,,729.36,n/a,
Honduras,2016,9.11,"1,689.90","2,144.87",1.2386,
Jamaica,2016,2.88,"3,780.95","4,794.76",n/a,
Mexico,2016,127.54,"6,350.00","9,867.93",1.1832,1.0000
Nicaragua,2016,6.15,"1,468.21","1,944.00",n/a,
Panama,2016,4.03,"5,807.84","11,116.70",1.1402,
Paraguay,2016,6.73,"3,337.29","5,129.39",1.1948,
Peru,2016,31.77,"3,894.12","6,094.74",1.1802,1.0000
St. Kitts and Nevis,2016,0.05,,,,
St. Lucia,2016,0.18,n/a,"8,356.99",1.0619,
St. Vincent and the Grenadines,2016,0.11,,,,
Suriname,2016,0.56,n/a,"8,005.18",n/a,1.0000
Trinidad and Tobago,2016,1.36,,"15,765.50",n/a,
Uruguay,2016,3.44,"9,531.21","14,042.60",1.4268,
"Venezuela, RB",2016,31.57,n/a,n/a,n/a,
Algeria,2016,40.61,"1,754.01","4,827.72",n/a,
Djibouti,2016,0.94,,"1,599.00",n/a,
"Egypt, Arab Rep.",2016,95.69,"2,230.76","2,725.56",n/a,
"Iran, Islamic Rep.",2016,80.28,"2,667.12","6,733.91",2.4801,
Iraq,2016,37.20,n/a,"5,725.72",n/a,
Jordan,2016,9.46,"2,537.26","3,258.49",n/a,
Lebanon,2016,6.01,"6,908.38","7,083.82",n/a,
Libya,2016,6.29,,,,
Morocco,2016,35.28,"1,904.56","3,204.86",n/a,
Oman,2016,4.42,,,,
Syrian Arab Republic,2016,18.43,,n/a,n/a,
Tunisia,2016,11.40,n/a,"4,269.14",n/a,
West Bank and Gaza,2016,4.55,"2,539.58","2,655.54",1.0782,
"Yemen, Rep.",2016,27.58,,754.06,n/a,
Andorra,2016,0.08,,,,
Antigua and Barbuda,2016,0.10,,,,
Aruba,2016,0.10,,,,
Australia,2016,24.21,"31,246.10","55,731.50",n/a,
Austria,2016,8.74,"24,998.40","48,077.90",1.0812,1.0000
"Bahamas, The",2016,0.39,,,,
Bahrain,2016,1.43,,,,
Belgium,2016,11.33,"23,264.50","45,457.90",1.0700,1.0000
Bermuda,2016,0.07,,,,
British Virgin Islands,2016,0.03,,,,
Brunei Darussalam,2016,0.42,,,,
Canada,2016,36.26,"29,051.30","50,407.30",n/a,
Cayman Islands,2016,0.06,,,,
Channel Islands,2016,0.16,,,,
Curacao,2016,0.16,,,,
Cyprus,2016,1.17,"19,215.90","28,549.50",0.9683,1.0000
Denmark,2016,5.73,"28,297.40","60,670.20",1.0452,
Faroe Islands,2016,0.05,,,,
Finland,2016,5.50,"25,737.20","45,983.30",1.0557,1.0000
France,2016,66.86,"23,027.40","41,969.00",1.0359,1.0000
French Polynesia,2016,0.28,,,,
Germany,2016,82.35,"25,193.60","45,923.00",n/a,1.0000
Gibraltar,2016,0.03,,,,
Greece,2016,10.78,"15,607.60","22,687.60",0.9672,1.0000
Greenland,2016,0.06,,,,
Guam,2016,0.16,,,,
"Hong Kong SAR, China",2016,7.34,,,,
Iceland,2016,0.34,"24,960.90","48,995.20",1.1524,
Ireland,2016,4.76,"23,674.30","69,892.30",1.0211,1.0000
Isle of Man,2016,0.08,,,,
Israel,2016,8.55,"19,809.40","33,677.50",1.0259,1.0000
Italy,2016,60.63,"20,753.40","34,318.50",1.0449,1.0000
Japan,2016,127.00,"26,745.10","47,660.90",n/a,
"Korea, Rep.",2016,51.25,"12,243.80","25,484.00",n/a,
Kuwait,2016,4.05,,,,
Liechtenstein,2016,0.04,,,,
Luxembourg,2016,0.58,"33,930.40","108,601.00",1.0591,1.0000
"Macao SAR, China",2016,0.61,,,,
Malta,2016,0.46,"12,954.80","26,064.20",1.0572,1.0000
Monaco,2016,0.04,,,,
Nauru,2016,0.01,,,,
Netherlands,2016,17.03,"22,372.60","52,267.70",1.0702,1.0000
Netherlands Antilles,2016,n/a,,,,
New Caledonia,2016,0.28,,,,
New Zealand,2016,4.69,,,,
Norway,2016,5.23,"39,785.20","90,317.00",1.1102,
Portugal,2016,10.33,"14,594.50","22,444.10",1.0390,1.0000
Puerto Rico,2016,3.41,,,,
Qatar,2016,2.57,,,,
San Marino,2016,0.03,,,,
Saudi Arabia,2016,32.28,,,,
Singapore,2016,5.61,,,,
Sint Maarten (Dutch part),2016,0.04,,,,
Spain,2016,46.48,"17,339.10","31,505.60",1.0300,1.0000
St. Martin (French part),2016,0.03,,,,
Sweden,2016,9.92,"25,717.70","56,473.00",1.0161,
Switzerland,2016,8.37,"41,578.90","76,682.60",0.9752,
"Taiwan, China",2016,23.51,,,,
Turks and Caicos Islands,2016,0.03,,,,
United Arab Emirates,2016,9.27,,,,
United Kingdom,2016,65.60,"26,999.60","42,039.70",1.0792,
United States,2016,323.41,"36,373.40","52,319.20",1.0670,
Virgin Islands (U.S.),2016,0.11,,,,
Afghanistan,2016,34.66,,,,
Bangladesh,2016,162.95,692.78,"1,029.58",1.3037,
Bhutan,2016,0.80,"1,505.77","2,803.33",n/a,
India,2016,"1,324.17","1,046.40","1,862.43",,
Maldives,2016,0.43,,"8,559.35",n/a,
Nepal,2016,28.98,552.23,686.32,n/a,
Pakistan,2016,193.20,960.29,"1,179.41",n/a,
Sri Lanka,2016,21.20,"2,376.00","3,768.52",1.2797,
Angola,2016,28.81,"1,676.88","3,533.87",n/a,
Benin,2016,10.87,561.01,837.20,n/a,
Botswana,2016,2.25,"3,505.40","7,485.04",n/a,
Burkina Faso,2016,18.65,404.74,664.02,n/a,
Burundi,2016,10.52,193.75,219.21,n/a,
Cabo Verde,2016,0.54,"2,234.99","3,477.06",n/a,
Cameroon,2016,23.44,"1,026.14","1,498.28",n/a,
Central African Republic,2016,4.59,351.87,325.72,n/a,
Chad,2016,14.45,581.95,874.77,n/a,
Comoros,2016,0.80,"1,205.29","1,350.15",n/a,
"Congo, Dem. Rep.",2016,78.74,277.43,407.56,n/a,
"Congo, Rep.",2016,5.13,871.63,"2,771.40",n/a,
Cote d'Ivoire,2016,23.70,"1,074.00","1,547.55",,
Equatorial Guinea,2016,1.22,,,,
Eritrea,2016,4.95,,,,
Eswatini,2016,1.34,"2,881.66","3,977.70",,
Ethiopia,2016,102.40,,511.19,n/a,
Gabon,2016,1.98,"3,076.54","9,553.50",n/a,
"Gambia, The",2016,2.04,n/a,520.68,n/a,
Ghana,2016,28.21,"1,456.36","1,659.48",1.6762,1.0000
Guinea,2016,12.40,588.42,764.40,n/a,
Guinea-Bissau,2016,1.82,547.70,584.08,n/a,
Kenya,2016,48.46,889.87,"1,143.36",n/a,
Lesotho,2016,2.20,"1,197.01","1,352.20",n/a,
Liberia,2016,4.61,450.25,352.65,1.4806,72.227
Madagascar,2016,24.89,324.75,416.00,n/a,
Malawi,2016,18.09,460.86,481.45,3.5498,
Mali,2016,17.99,540.65,745.87,n/a,
Mauritania,2016,4.30,652.64,"1,294.25",n/a,
Mauritius,2016,1.26,"6,808.78","9,833.62",n/a,
Mayotte,2016,0.25,,,,
Mozambique,2016,28.83,371.83,514.96,n/a,
Namibia,2016,2.48,"4,866.09","6,024.34",n/a,
Niger,2016,20.67,267.02,392.17,n/a,
Nigeria,2016,185.99,"1,481.87","2,455.92",n/a,
Rwanda,2016,11.92,601.92,738.81,1.3894,
Sao Tome and Principe,2016,0.20,,"1,284.69",,
Senegal,2016,15.41,986.47,"1,389.89",n/a,
Seychelles,2016,0.09,n/a,"13,598.30",n/a,
Sierra Leone,2016,7.40,461.62,453.66,n/a,
Somalia,2016,14.32,,,,
South Africa,2016,56.02,"4,546.13","7,520.53",n/a,
South Sudan,2016,12.23,n/a,n/a,n/a,
Sudan,2016,39.58,"1,137.35","1,924.00",n/a,
Tanzania,2016,55.57,567.95,867.04,n/a,
Togo,2016,7.61,683.60,637.78,n/a,
Uganda,2016,41.49,485.34,663.22,1.3954,
Zambia,2016,16.59,n/a,"1,629.59",n/a,1.0000
Zimbabwe,2016,16.15,869.13,"1,063.60",n/a,
American Samoa,2017,0.06,,,,
Cambodia,2017,16.01,,,n/a,
China,2017,"1,386.40","2,935.41","7,329.09",,
Fiji,2017,0.91,,"4,322.99",n/a,
Indonesia,2017,263.99,"2,288.60","4,130.66",1.3371,
Kiribati,2017,0.12,,"1,719.55",n/a,
"Korea, Dem. People's Rep.",2017,25.49,,,,
Lao PDR,2017,6.86,"1,170.56","1,730.40",n/a,
Malaysia,2017,31.62,"6,194.36","11,528.30",n/a,
Marshall Islands,2017,0.05,,,,
"Micronesia, Fed. Sts.",2017,0.11,,"2,919.17",n/a,
Mongolia,2017,3.08,"2,193.42","4,045.69",n/a,
Myanmar,2017,53.37,n/a,"1,489.51",n/a,
Northern Mariana Islands,2017,0.06,,,,
Palau,2017,0.02,,,,
Papua New Guinea,2017,8.25,,"2,402.42",n/a,
Philippines,2017,104.92,"2,060.71","2,891.36",n/a,
Samoa,2017,0.20,,"3,860.24",n/a,
Solomon Islands,2017,0.61,,"1,521.29",n/a,
Thailand,2017,69.04,"3,097.71","6,126.24",1.0720,
Timor-Leste,2017,1.30,n/a,"2,672.27",n/a,
Tonga,2017,0.11,n/a,"3,862.30",n/a,
Tuvalu,2017,0.01,,"3,617.53",n/a,
Vanuatu,2017,0.28,n/a,"2,939.52",n/a,
Vietnam,2017,95.54,"1,239.47","1,834.65",n/a,
Albania,2017,2.87,"4,212.20","4,867.63",1.1125,
Armenia,2017,2.93,"2,925.75","4,219.37",1.1538,
Azerbaijan,2017,9.86,n/a,"5,805.13",n/a,
Belarus,2017,9.51,"4,328.01","6,522.38",2.9957,
Bosnia and Herzegovina,2017,3.51,"4,427.00","5,569.83",n/a,
Bulgaria,2017,7.08,"5,431.04","8,331.10",n/a,
Croatia,2017,4.13,"8,685.31","15,322.00",n/a,
Czech Republic,2017,10.59,"10,857.50","22,779.30",n/a,
Estonia,2017,1.32,"9,992.13","18,977.40",n/a,
Georgia,2017,3.72,"2,728.47","4,283.92",1.1441,
Hungary,2017,9.78,"8,071.21","15,647.80",n/a,
Kazakhstan,2017,18.04,"5,383.69","10,867.80",1.5609,
Kosovo,2017,1.83,"3,679.73","4,058.82",1.0601,
Kyrgyz Republic,2017,6.20,"1,045.85","1,070.32",1.2997,
Latvia,2017,1.94,"9,823.28","15,553.30",n/a,
Lithuania,2017,2.83,"11,142.40","16,793.30",n/a,
Moldova,2017,3.55,n/a,"2,165.16",1.4286,
Montenegro,2017,0.62,"6,117.45","7,837.18",n/a,
North Macedonia,2017,2.08,"3,714.93","5,253.77",n/a,
Poland,2017,37.98,"9,311.30","15,822.60",n/a,
Romania,2017,19.59,"7,390.10","11,045.00",n/a,
Russian Federation,2017,144.50,"5,874.66","11,441.00",n/a,
Serbia,2017,7.02,"4,397.39","5,992.28",n/a,
Slovak Republic,2017,5.44,"10,306.50","19,897.20",n/a,
Slovenia,2017,2.07,"13,628.40","25,662.40",n/a,
Tajikistan,2017,8.92,n/a,"1,020.14",n/a,
Turkey,2017,80.75,"8,991.96","14,936.40",n/a,
Turkmenistan,2017,5.76,n/a,"7,317.55",n/a,
Ukraine,2017,44.83,"2,182.99","2,991.63",n/a,
Uzbekistan,2017,32.39,n/a,"2,031.05",n/a,
Argentina,2017,44.27,"7,152.20","10,397.10",5.0946,
Barbados,2017,0.29,,,,
Belize,2017,0.37,"3,094.19","4,276.03",n/a,
Bolivia,2017,11.05,"1,550.68","2,522.81",1.3125,
Brazil,2017,209.29,"6,819.31","10,889.00",1.4598,
Chile,2017,18.05,"9,302.24","15,059.50",1.2193,
Colombia,2017,49.07,"5,050.29","7,611.66",1.2831,
Costa Rica,2017,4.91,"6,717.80","9,808.85",1.1780,
Cuba,2017,11.48,,,,
Dominica,2017,0.07,,,,
Dominican Republic,2017,10.77,"4,813.15","7,153.08",1.1849,
Ecuador,2017,16.62,"3,091.21","5,256.02",1.1807,
El Salvador,2017,6.38,"2,876.88","3,463.54",1.0521,
Grenada,2017,0.11,,,,
Guatemala,2017,16.91,"2,767.02","3,124.21",n/a,
Guyana,2017,0.78,n/a,"3,871.39",n/a,
Haiti,2017,10.98,,728.92,n/a,
Honduras,2017,9.27,"1,740.92","2,210.59",1.2888,
Jamaica,2017,2.89,"3,811.33","4,826.69",n/a,
Mexico,2017,129.16,"6,460.46","9,942.87",n/a,
Nicaragua,2017,6.22,"1,506.73","2,016.32",n/a,
Panama,2017,4.10,"5,893.70","11,524.10",1.1446,
Paraguay,2017,6.81,"3,468.32","5,328.53",1.2538,
Peru,2017,32.17,"3,943.65","6,172.74",1.2133,
St. Kitts and Nevis,2017,0.06,,,,
St. Lucia,2017,0.18,n/a,"8,635.81",n/a,
St. Vincent and the Grenadines,2017,0.11,,,,
Suriname,2017,0.56,n/a,"8,067.50",n/a,
Trinidad and Tobago,2017,1.37,,"15,350.40",n/a,
Uruguay,2017,3.46,"9,909.79","14,362.60",1.5424,
"Venezuela, RB",2017,31.98,n/a,n/a,n/a,
Algeria,2017,41.32,"1,755.08","4,820.43",n/a,
Djibouti,2017,0.96,,"1,618.30",1.1067,
"Egypt, Arab Rep.",2017,97.55,"2,279.80","2,785.25",n/a,
"Iran, Islamic Rep.",2017,81.16,"2,703.83","6,910.57",n/a,
Iraq,2017,38.27,n/a,"5,449.97",n/a,
Jordan,2017,9.70,"2,537.43","3,238.25",n/a,
Lebanon,2017,6.08,"6,714.98","7,102.64",n/a,
Libya,2017,6.37,,,,
Morocco,2017,35.74,"1,954.72","3,292.45",n/a,
Oman,2017,4.64,,,,
Syrian Arab Republic,2017,18.27,,n/a,n/a,
Tunisia,2017,11.53,n/a,"4,303.96",n/a,
West Bank and Gaza,2017,4.68,"2,270.66","2,494.06",n/a,
"Yemen, Rep.",2017,28.25,,692.52,n/a,
Andorra,2017,0.08,,,,
Antigua and Barbuda,2017,0.10,,,,
Aruba,2017,0.11,,,,
Australia,2017,24.60,"31,410.60","55,925.90",n/a,
Austria,2017,8.81,"25,139.80","49,129.20",n/a,
"Bahamas, The",2017,0.40,,,,
Bahrain,2017,1.49,,,,
Belgium,2017,11.37,"23,487.10","46,078.90",n/a,
Bermuda,2017,0.07,,,,
British Virgin Islands,2017,0.03,,,,
Brunei Darussalam,2017,0.43,,,,
Canada,2017,36.71,"29,666.50","51,315.90",n/a,
Cayman Islands,2017,0.06,,,,
Channel Islands,2017,0.17,,,,
Curacao,2017,0.16,,,,
Cyprus,2017,1.18,"19,877.50","29,432.70",n/a,
Denmark,2017,5.77,"28,518.00","61,582.20",n/a,
Faroe Islands,2017,0.05,,,,
Finland,2017,5.51,"26,075.40","47,057.60",n/a,
France,2017,67.12,"23,191.30","42,567.70",n/a,
French Polynesia,2017,0.28,,,,
Germany,2017,82.70,"25,530.50","46,747.20",n/a,
Gibraltar,2017,0.03,,,,
Greece,2017,10.76,"15,647.90","23,027.40",n/a,
Greenland,2017,0.06,,,,
Guam,2017,0.16,,,,
"Hong Kong SAR, China",2017,7.39,,,,
Iceland,2017,0.34,"26,451.30","49,910.00",n/a,
Ireland,2017,4.81,"23,835.10","74,433.50",n/a,
Isle of Man,2017,0.08,,,,
Israel,2017,8.71,n/a,"34,134.80",n/a,
Italy,2017,60.55,"21,064.90","34,877.80",n/a,
Japan,2017,126.79,n/a,"48,556.90",n/a,
"Korea, Rep.",2017,51.47,"12,509.40","26,152.00",n/a,
Kuwait,2017,4.14,,,,
Liechtenstein,2017,0.04,,,,
Luxembourg,2017,0.60,"33,831.20","107,865.00",n/a,
"Macao SAR, China",2017,0.62,,,,
Malta,2017,0.47,"13,219.00","27,145.80",n/a,
Monaco,2017,0.04,,,,
Nauru,2017,0.01,,,,
Netherlands,2017,17.13,"22,665.40","53,597.80",n/a,
Netherlands Antilles,2017,n/a,,,,
New Caledonia,2017,0.28,,,,
New Zealand,2017,4.79,,,,
Norway,2017,5.28,"40,424.90","91,218.60",n/a,
Portugal,2017,10.29,"14,969.10","23,116.60",n/a,
Puerto Rico,2017,3.34,,,,
Qatar,2017,2.64,,,,
San Marino,2017,0.03,,,,
Saudi Arabia,2017,32.94,,,,
Singapore,2017,5.61,,,,
Sint Maarten (Dutch part),2017,0.04,,,,
Spain,2017,46.57,"17,718.70","32,405.80",n/a,
St. Martin (French part),2017,0.03,,,,
Sweden,2017,10.07,"25,906.70","56,935.20",n/a,
Switzerland,2017,8.47,"41,602.00","76,667.40",n/a,
"Taiwan, China",2017,23.55,,,,
Turks and Caicos Islands,2017,0.04,,,,
United Arab Emirates,2017,9.40,,,,
United Kingdom,2017,66.02,"27,268.40","42,514.50",n/a,
United States,2017,325.72,n/a,"53,128.50",n/a,
Virgin Islands (U.S.),2017,0.11,,,,
Afghanistan,2017,35.53,,,,
Bangladesh,2017,164.67,736.46,"1,093.05",n/a,
Bhutan,2017,0.81,"1,563.78","2,897.34",1.4796,
India,2017,"1,339.18","1,102.53","1,964.60",,
Maldives,2017,0.44,,"8,971.13",n/a,
Nepal,2017,29.31,560.38,732.43,n/a,
Pakistan,2017,197.02,"1,023.97","1,222.52",n/a,
Sri Lanka,2017,21.44,"2,378.73","3,849.46",n/a,
Angola,2017,29.78,"1,669.27","3,413.66",n/a,
Benin,2017,11.18,564.36,862.02,n/a,
Botswana,2017,2.29,"3,614.40","7,523.28",n/a,
Burkina Faso,2017,19.19,398.78,685.75,n/a,
Burundi,2017,10.86,n/a,213.41,n/a,
Cabo Verde,2017,0.55,"2,450.09","3,571.41",n/a,
Cameroon,2017,24.05,"1,042.81","1,511.82",n/a,
Central African Republic,2017,4.66,347.00,335.03,n/a,
Chad,2017,14.90,565.61,823.44,n/a,
Comoros,2017,0.81,"1,218.23","1,355.51",n/a,
"Congo, Dem. Rep.",2017,81.34,274.81,409.12,n/a,
"Congo, Rep.",2017,5.26,594.20,"2,616.61",n/a,
Cote d'Ivoire,2017,24.29,"1,086.97","1,625.66",,
Equatorial Guinea,2017,1.27,,,,
Eritrea,2017,5.07,,,,
Eswatini,2017,1.37,"2,948.65","3,980.61",,
Ethiopia,2017,104.96,,549.85,n/a,
Gabon,2017,2.03,"3,020.27","9,385.81",1.1283,
"Gambia, The",2017,2.10,n/a,528.33,n/a,
Ghana,2017,28.83,"1,585.79","1,755.60",n/a,
Guinea,2017,12.72,n/a,824.11,n/a,
Guinea-Bissau,2017,1.86,587.76,603.50,n/a,
Kenya,2017,49.70,929.99,"1,169.22",n/a,
Lesotho,2017,2.23,n/a,"1,303.82",n/a,
Liberia,2017,4.73,n/a,n/a,n/a,
Madagascar,2017,25.57,n/a,421.89,n/a,
Malawi,2017,18.62,484.98,486.44,n/a,
Mali,2017,18.54,574.84,762.95,n/a,
Mauritania,2017,4.42,703.43,"1,303.44",n/a,
Mauritius,2017,1.26,"7,021.87","10,199.90",1.1768,
Mayotte,2017,0.25,,,,
Mozambique,2017,29.67,373.96,519.09,n/a,
Namibia,2017,2.53,"4,524.38","5,839.88",n/a,
Niger,2017,21.48,268.67,395.96,n/a,
Nigeria,2017,190.89,"1,430.11","2,412.20",n/a,
Rwanda,2017,12.21,597.23,764.89,n/a,
Sao Tome and Principe,2017,0.20,,"1,305.62",,
Senegal,2017,15.85,"1,026.01","1,448.07",n/a,
Seychelles,2017,0.10,n/a,"14,142.80",n/a,
Sierra Leone,2017,7.56,450.67,462.70,n/a,
Somalia,2017,14.74,,,,
South Africa,2017,56.72,"4,590.42","7,525.29",n/a,
South Sudan,2017,12.58,n/a,n/a,n/a,
Sudan,2017,40.53,"1,143.88","1,959.15",n/a,
Tanzania,2017,57.31,n/a,900.52,n/a,
Togo,2017,7.80,673.54,649.51,n/a,
Uganda,2017,42.86,482.02,666.75,n/a,
Zambia,2017,17.09,n/a,"1,635.49",n/a,
Zimbabwe,2017,16.53,861.09,"1,088.06",n/a,
